Run,Slate ID,Status,ICP Lane,Lane Priority,Author,Author Title,Author Location,Author Company,Author LinkedIn URL,Comment Link (post URL),Published At,Post Topic Tags,Comment Topic Tags,Quality Verdict,Source,Source Channel,Source Keyword,Post Excerpt,Drafted Comment,PDF Traceback — Lane Anchor (§ 05),PDF Traceback — Signal (§ 03),PDF Traceback — CR Angle (§ 06),PDF Traceback — Anchor Used (§ 07),My Reasoning Paragraph,Gate: non_buyer,Gate: post_quality,Gate: analyst,Gate: icp,Reactions,Comments,Reposts,Geo verified at source,Inline ICP qualified
"Run 50ddab70 (RULE 24 + keyword, 2026-05-13 12:16)",6a046ba035904903df6850b1,drafted,Lane 1 — Independent primary care / family medicine (3-20 providers),SWEET SPOT,"Brandon Aylward, PhD",Healthcare Research and Strategy I Digital Health and Healthcare Innovation I Quality Improvement and Implementation Science I Behavioral Health I,Atlanta Metropolitan Area,,https://www.linkedin.com/in/brandon-aylward-phd-75686744,https://www.linkedin.com/posts/brandon-aylward-phd-75686744_mother-ventures-is-looking-at-moms-as-the-activity-7459986589952331776-bBJb,2026-05-12 15:23:22.893000,"RPM, CPT","BP, RPM",CLEAN — post itself anchors a Cardiowell topic,unipile_people,title_search,Director of Digital Health medical group,"Allison Stern just closed $10 million in commitments for her debut early-stage fund, Mother Ventures, which focuses exclusively on the mother as a consumer.

One of the most overlooked truths in healthcare and consumer innovation is that mothers are often the primary drivers of healthcare decision-making, purchasing behavior, and family engagement. This recent piece on Mother Ventures highlights something the market is finally starting to recognize: moms are not a “niche” consumer segment — they are a massive economic engine with enormous influence across healthcare, wellness, pediatrics, digital health, food, fintech, and beyond. In the U.S., mothers reportedly influence 85% of household purchases and represent more than $2.4T in spending power. 

Many of the highest-growth areas in digital health are fundamentally built around reducing friction for parents and caregivers:
Pediatric developmental care
Behavioral health
Fertility and women’s health
Family mental health
Care navigation
Remote monitoring
Consumer-driven care delivery

Historically, many healthcare startups have built products around providers, payers, or systems first. Increasingly, the companies gaining traction are","Where family centered innovation usually breaks down is the jump from purchase influence to who actually carries the care coordination load after the visit. In remote monitoring alone, the gap shows up fast, 120 million Americans have hypertension, only about 24% are controlled, and a lot of the failed engagement lands on a mother or caregiver who is already managing meds, schedules, and follow up for the household. The winning teams will not just market to mothers as a $2.4T consumer segment, they will map the exact friction points in the weekly care workflow before they build the product, not after launch.",§ 05 ICP Lanes — Lane 1 — Independent primary care / family medicine (3-20 providers),"§ 03 Signals (HIGHEST intent) — posts about 'RPM program', 'remote patient monitoring', 'remote BP monitoring' surface operational buyers actively evaluating or running RPM., § 03 Signals (HIGHEST intent) — posts mentioning CPT 99457/99458/99454, 'remote monitoring reimbursement', or 'uncaptured CPT revenue' indicate Track C finance audiences alert to revenue capture.","§ 06 Comment Reply Framework Angle 1 — 'validate-and-reframe' for venting posts. Acknowledge the operational pain, reframe through the between-visit-gap lens.",§ 07 Messaging Anchors — 'Approximately 120 million Americans have hypertension. Only about 24 percent have BP under control. Uncontrolled hypertension costs the US healthcare system about $131 billion per year.',"Brandon Aylward, PhD (Healthcare Research and Strategy I Digital Health and Healthcare Innovation I Quality Improvement and Implementation Science I Behavioral Health I, Atlanta Metropolitan Area) maps to Lane 1 — Independent primary care / family medicine (3-20 providers) [SWEET SPOT]. The post itself anchors RPM, CPT — a direct topical signal per § 04 Keyword Clusters, so engagement reads as joining an in-progress Cardiowell-relevant conversation rather than a forced pivot. Comment uses 'validate-and-reframe' for venting posts. Acknowledge the operational pain, reframe through the between-visit-gap lens. Anchor cited: § 07 Messaging Anchors — 'Approximately 120 million Americans have hypertension. Only about 24 percent have BP under control. Uncontrolled hypertension costs the US healthcare system about $131 billion per year.' Discovery vector: 'Director of Digital Health medical group' via the unipile_people/title_search channel. Verdict: CLEAN — post itself anchors a Cardiowell topic.",vendor/investor with unclear buyer identity,"adjacent_buyer—the post explores trends in healthcare and consumer innovation affecting ICP-relevant segments such as digital health and venture investment, though not direct operator expertise.","author’s own commentary on a funding announcement, not analyst reportage",inline_icp_qualified — icp_scoring skipped,2,2,0,yes,yes
"Run 50ddab70 (RULE 24 + keyword, 2026-05-13 12:16)",6a046ba035904903df6850b1,gate_passed,Lane 1 — Independent primary care / family medicine (3-20 providers),SWEET SPOT,"Padmaja Patel, MD, FACP, FACLM, DipABLM, CPE","Physician Executive | Translating Lifestyle Medicine into Policy, Payment & Market Strategy | Board President, ACLM | CMO, Nudj Health",Midland-Odessa Area,,https://www.linkedin.com/in/padmaja-patel-md-facp-faclm-dipablm-cpe-0197961a6,https://www.linkedin.com/posts/padmaja-patel-md-facp-faclm-dipablm-cpe-0197961a6_beyond-the-roadmap-creating-real-change-activity-7459243173236686848-TSK8,2026-05-10 14:09:18.536000,CPT,—,CLEAN — post itself anchors a Cardiowell topic,unipile_people,title_search,VP of Product medical practice,"Darshak Sanghavi has written one of the most honest pieces on health care transformation I have read this year.

In ""Beyond the Roadmap,"" he names something most of us have felt, but few have said out loud: we have built a ""sophisticated architecture of inertia,"" where producing the roadmap has replaced firing up the car.

Four of his arguments hit especially hard for those of us working at the intersection of clinical care, payer strategy, and federal policy:

→ Pilot-itis as a release valve. Pilots vent the pressure for reform while dysfunctional financial incentives hum undisturbed in the background. In lifestyle medicine, we have lived inside this trap for decades. The evidence for intensive therapeutic lifestyle change in polychronic populations is not new. It is not contested. 

→ The Trust Fetish. ""A sure sign of a lack of trust is when people keep talking about trust."" Trust is a byproduct of delivering value, not a process deliverable. 

→ The Missing Ghosts. This one should sting the most. Where are the payers and CFOs in our reform conversations? Until the people holding the checkbook sit at the table as accountable participants rather than external champions to be persu",,§ 05 ICP Lanes — Lane 1 — Independent primary care / family medicine (3-20 providers),"§ 03 Signals (HIGHEST intent) — posts mentioning CPT 99457/99458/99454, 'remote monitoring reimbursement', or 'uncaptured CPT revenue' indicate Track C finance audiences alert to revenue capture.",§ 06 Comment Reply Framework Angle 3 — 'go-direct' for explicit advice-seeking posts where the thread invites a product mention. Cardiowell name allowed here.,(no specific § 07 messaging anchor cited in this draft),"Padmaja Patel, MD, FACP, FACLM, DipABLM, CPE (Physician Executive | Translating Lifestyle Medicine into Policy, Payment & Market Strategy | Board President, ACLM | CMO, Nudj Health, Midland-Odessa Area) maps to Lane 1 — Independent primary care / family medicine (3-20 providers) [SWEET SPOT]. The post itself anchors CPT — a direct topical signal per § 04 Keyword Clusters, so engagement reads as joining an in-progress Cardiowell-relevant conversation rather than a forced pivot. Comment uses 'go-direct' for explicit advice-seeking posts where the thread invites a product mention. Cardiowell name allowed here. Discovery vector: 'VP of Product medical practice' via the unipile_people/title_search channel. Verdict: CLEAN — post itself anchors a Cardiowell topic.","in-industry executive (CMO, physician leader) in target healthcare segment","author demonstrates direct expertise in healthcare transformation and policy, referencing personal experience and analysis of industry dynamics",author adds substantial original critique and application to healthcare reform,inline_icp_qualified — icp_scoring skipped,10,1,1,yes,yes
"Run e5db6e23 (KEYWORD-ONLY, 2026-05-13 12:37)",6a047071222bb47a3ed3e38d,drafted,Lane 1 — Independent primary care / family medicine (3-20 providers),SWEET SPOT,Abid Husain MD FACC ABAARM,Physician at Boulder Longevity Institute,Denver Metropolitan Area,nuBioAge,https://www.linkedin.com/in/abid-husain-md-facc-abaarm-00874419,https://www.linkedin.com/posts/abid-husain-md-facc-abaarm-00874419_tirzepatide-associated-interstitial-kidney-activity-7459253931412570113-ESJQ,2026-05-10 14:52:03.485000,BP,BP,CLEAN — post itself anchors a Cardiowell topic,tier_1_kw,keyword_topical,hypertension control,"Tirzepatide is rapidly becoming one of the most important cardiometabolic therapies in modern medicine, but this case is a reminder that kidney protection and kidney injury can coexist within the same therapeutic class.

The paper describes a 66-year-old man with type 2 diabetes, obesity, hypertension, and stage 3b chronic kidney disease who developed progressive renal dysfunction during tirzepatide dose escalation. Creatinine rose from 1.1 to 2.11 mg/dL, while eGFR fell from 68 to 34 mL/min/1.73 m². The key finding was not dehydration, albuminuria, obstruction, or diabetic progression. Kidney biopsy showed chronic active tubulointerstitial nephritis with eosinophilic infiltrates and fibrosis, supporting a delayed immune-mediated interstitial nephritis pattern.

This matters because incretin-based therapies are usually discussed through their metabolic and renal-protective physiology: weight loss, improved glycemic control, lower albuminuria, natriuresis, improved renal hemodynamics, reduced inflammatory signaling, and possible oxidative stress modulation through GIP-adiponectin biology. SURPASS-4 showed slower eGFR decline and fewer composite kidney outcomes with tirzepatide compa","This case is the cleanest test of precision renal monitoring because the usual dehydration story falls apart once biopsy shows chronic active tubulointerstitial nephritis. The risky part in cardiometabolic care is that between visits, a creatinine jump from 1.1 to 2.11 can look like routine dose escalation noise unless someone is tracking the trend against volume status, BP, and symptoms in real time. That matters even more in the CKD population, where 20 minutes of monthly clinical review can be the difference between catching a reversible immune signal and attributing it to expected GLP 1 side effects. Worth building the monitoring workflow around trajectory mismatch, not waiting for the next office lab to tell you the story.",§ 05 ICP Lanes — Lane 1 — Independent primary care / family medicine (3-20 providers),"§ 03 Signals (HIGHEST intent) — posts mentioning 'uncontrolled hypertension', 'hypertension management', 'BP control' surface Track A clinical buyers actively managing chronic-care panels.",§ 06 Comment Reply Framework Angle 3 — 'go-direct' for explicit advice-seeking posts where the thread invites a product mention. Cardiowell name allowed here.,§ 07 Messaging Anchors — 'The between-visit monitoring gap is the structural reason BP goes uncontrolled. Most hypertensive patients are seen 2-3 times a year; everything in between is largely invisible.',"Abid Husain MD FACC ABAARM (Physician at Boulder Longevity Institute, Denver Metropolitan Area) maps to Lane 1 — Independent primary care / family medicine (3-20 providers) [SWEET SPOT]. The post itself anchors BP — a direct topical signal per § 04 Keyword Clusters, so engagement reads as joining an in-progress Cardiowell-relevant conversation rather than a forced pivot. Comment uses 'go-direct' for explicit advice-seeking posts where the thread invites a product mention. Cardiowell name allowed here. Anchor cited: § 07 Messaging Anchors — 'The between-visit monitoring gap is the structural reason BP goes uncontrolled. Most hypertensive patients are seen 2-3 times a year; everything in between is largely invisible.' Discovery vector: 'hypertension control' via the tier_1_kw/keyword_topical channel. Verdict: CLEAN — post itself anchors a Cardiowell topic.","In-industry physician at medical practice, plausible RPM buyer",direct_expertise,"author’s own clinical interpretation of a case report, not primarily analyst or press-release summary",,8,0,0,yes,—
"Run e5db6e23 (KEYWORD-ONLY, 2026-05-13 12:37)",6a047071222bb47a3ed3e38d,drafted,Lane 1 — Independent primary care / family medicine (3-20 providers),SWEET SPOT,"Anne M. Hirsch, MD, FACP",I help frustrated physicians find fulfillment in their medical careers. Physician | Physician Coach | Medical Coding Expert | Transformational Speaker | Author | Thought Leader | Entrepreneur | Wife | Mother.,"West Linn, Oregon, United States","Health e Practices, LLC",https://www.linkedin.com/in/anne-m-hirsch-md-facp-4a681790,https://www.linkedin.com/posts/anne-m-hirsch-md-facp-4a681790_can-coding-be-sexy-after-seeing-my-cpt-code-activity-7457972499172048897-2bX4,2026-05-07 02:00:06.231000,CPT,"BP, RPM, CPT",CLEAN — post itself anchors a Cardiowell topic,tier_1_kw,keyword_topical,starting independent practice,"“Can coding be sexy?” After seeing my CPT-code shirt at MGMA, the answer was clearly no. 😂 
But the financial impact of coding?

That’s a different story.

Last week at the 𝗠𝗚𝗠𝗔 𝗣𝗿𝗶𝘃𝗮𝘁𝗲 𝗣𝗿𝗮𝗰𝘁𝗶𝗰𝗲 𝗖𝗼𝗻𝗳𝗲𝗿𝗲𝗻𝗰𝗲, I had the opportunity to present alongside 𝗝𝗶𝗹𝗹 𝗔𝗿𝗲𝗻𝗮 from 𝗛𝗲𝗮𝗹𝘁𝗵 𝗲 𝗣𝗿𝗮𝗰𝘁𝗶𝗰𝗲𝘀 on a topic that makes most physicians’ eyes glaze over almost instantly:

Medical coding. 😅

And yes… I wore a shirt covered in CPT codes.

At one point, we joked: “Can coding be sexy? Clearly not, given the shirt.”

The audience laughed.

But underneath the humor was something serious physicians need to hear:

Most doctors are dramatically underpaid for work they are already doing.

Not because they aren’t working hard enough.

Not because they aren’t seeing enough patients.

But because they were never taught how to accurately capture the complexity, intensity, and cognitive labor of modern medical care.

Physicians spend years mastering medicine.

Almost none of us has been taught the business language that determines reimbursement.

That disconnect costs practices hundreds of thousands of dollars over time.

And here’s the frustrating part: Many physicians assume better reimbursement means seeing m","Accurate coding is the cleanest test of practice economics because it shows whether the work happening between and beyond office visits ever makes it onto a claim. In hypertension alone, a lot of practices are sitting on $100 to $120 per patient per month through CPT 99457 and 99458, while 20 minutes of clinical time and a month of blood pressure data never get documented in a billable way. That gap is not just lost revenue, it is why between visit care keeps feeling invisible even when it is clinically doing the heavy lifting. Worth auditing the uncaptured chronic care time and remote monitoring documentation before adding more visit volume, not after.",§ 05 ICP Lanes — Lane 1 — Independent primary care / family medicine (3-20 providers),"§ 03 Signals (HIGHEST intent) — posts mentioning CPT 99457/99458/99454, 'remote monitoring reimbursement', or 'uncaptured CPT revenue' indicate Track C finance audiences alert to revenue capture.",§ 06 Comment Reply Framework Angle 3 — 'go-direct' for explicit advice-seeking posts where the thread invites a product mention. Cardiowell name allowed here.,"§ 07 Messaging Anchors — '$100-120 per hypertensive patient per month via CPT 99457 and 99458, plus the new 2026 codes 99445 and 99470 that make remote BP reimbursement materially easier to capture.'","Anne M. Hirsch, MD, FACP (I help frustrated physicians find fulfillment in their medical careers. Physician | Physician Coach | Medical Coding Expert | Transformational Speaker | Author | Thought Leader | Entrepreneur | Wife | Mother., West Linn, Oregon, United States) maps to Lane 1 — Independent primary care / family medicine (3-20 providers) [SWEET SPOT]. The post itself anchors CPT — a direct topical signal per § 04 Keyword Clusters, so engagement reads as joining an in-progress Cardiowell-relevant conversation rather than a forced pivot. Comment uses 'go-direct' for explicit advice-seeking posts where the thread invites a product mention. Cardiowell name allowed here. Anchor cited: § 07 Messaging Anchors — '$100-120 per hypertensive patient per month via CPT 99457 and 99458, plus the new 2026 codes 99445 and 99470 that make remote BP reimbursement materially easier to capture.' Discovery vector: 'starting independent practice' via the tier_1_kw/keyword_topical channel. Verdict: CLEAN — post itself anchors a Cardiowell topic.",Practitioner/Physician in private practice coaching and coding,conference_mention,author shares her own conference talk and viewpoint on coding reimbursement,,12,2,2,yes,—
"Run e5db6e23 (KEYWORD-ONLY, 2026-05-13 12:37)",6a047071222bb47a3ed3e38d,drafted,Lane 1 — Independent primary care / family medicine (3-20 providers),SWEET SPOT,"Stephen C. Dorner, MD, MPH, MSc",Physician Executive | Advisor | Clinical Program Design & Value-Based Care | Digital Health & Clinical AI | Hospital at Home | Emergency Medicine at MGH and Harvard Medical School,"Boston, Massachusetts, United States",Mass General Brigham,https://www.linkedin.com/in/stephendorner,https://www.linkedin.com/posts/stephendorner_a-friend-i-hadnt-talked-to-in-a-few-months-activity-7459982754881994752-ZowX,2026-05-12 15:08:08.541000,VBC,BP,CLEAN — post itself anchors a Cardiowell topic,tier_1_kw,keyword_topical,between visit monitoring,"A friend I hadn't talked to in a few months texted me out of the blue last week.
No reason. Just ""hey man, thinking of you, hope the family is well.""

I was working a shift at the time, and it stood in stark contrast to the back-and-forth I'd been having with people all day.

It was thoughtful. Deliberate. Unprompted.

Healthcare doesn't often land like that. We've built a system of efficient reactivity. And reactivity doesn't feel thoughtful.

The system is wired to react. To the inbound patient call. The patient showing up.  Operational efficiency gets organized around it. And a lot of AI has been built to make that framework faster.

But thoughtfulness is outbound. It's seemingly unprompted, from a more proactive stance.

The nudge for the mammogram that needs to be scheduled. The outreach to check on symptoms before the next scheduled visit. The check-in before the prescription runs out. The alert that a patient is at risk of deteriorating before it's visible at the bedside.

That type of work is usually under-resourced, inconsistent, easily ignored, and the first thing brushed aside when resources are thin.

And it's also where relationships get stronger.

If someone reaches o","Between visit outreach is the cleanest test of whether care is actually proactive because the breakdown usually happens in the 30 days after the visit, when symptoms change but nobody is watching. Hypertension alone makes that gap hard to ignore, 120 million Americans have it, only about 24% are controlled, and the downstream cost is already around $131 billion a year. The operational miss is that most systems still wait for the inbound call instead of building a measurement layer that flags who needs outreach before the next appointment. Worth instrumenting the between visit window first, then deciding where AI belongs, not the other way around.",§ 05 ICP Lanes — Lane 1 — Independent primary care / family medicine (3-20 providers),"§ 03 Signals (MODERATE-HIGH) — 'value-based care', 'MSSP', 'ACO REACH', 'shared savings' signal Lane 6 (ACOs) and Lane 7 (MSOs/clinically integrated networks).","§ 06 Comment Reply Framework Angle 1 — 'validate-and-reframe' for venting posts. Acknowledge the operational pain, reframe through the between-visit-gap lens.",§ 07 Messaging Anchors — 'Approximately 120 million Americans have hypertension. Only about 24 percent have BP under control. Uncontrolled hypertension costs the US healthcare system about $131 billion per year.',"Stephen C. Dorner, MD, MPH, MSc (Physician Executive | Advisor | Clinical Program Design & Value-Based Care | Digital Health & Clinical AI | Hospital at Home | Emergency Medicine at MGH and Harvard Medical School, Boston, Massachusetts, United States) maps to Lane 1 — Independent primary care / family medicine (3-20 providers) [SWEET SPOT]. The post itself anchors VBC — a direct topical signal per § 04 Keyword Clusters, so engagement reads as joining an in-progress Cardiowell-relevant conversation rather than a forced pivot. Comment uses 'validate-and-reframe' for venting posts. Acknowledge the operational pain, reframe through the between-visit-gap lens. Anchor cited: § 07 Messaging Anchors — 'Approximately 120 million Americans have hypertension. Only about 24 percent have BP under control. Uncontrolled hypertension costs the US healthcare system about $131 billion per year.' Discovery vector: 'between visit monitoring' via the tier_1_kw/keyword_topical channel. Verdict: CLEAN — post itself anchors a Cardiowell topic.",clinical executive at major health system (in-industry buyer),author discusses AI's potential in proactive healthcare using own perspective and operator-ICP context; post is specific and draws from direct clinical experience,author's own perspective on proactive AI in healthcare,,11,5,0,yes,—
"Run 50ddab70 (RULE 24 + keyword, 2026-05-13 12:16)",6a046ba035904903df6850b1,drafted,Lane 1 — Independent primary care / family medicine (3-20 providers),SWEET SPOT,Abbey Watkins,"Vice President , Clinical Operations SCA Health","Randleman, NC",,https://www.linkedin.com/in/abbey-watkins-278264159,https://www.linkedin.com/posts/abbey-watkins-278264159_i-am-so-incredibly-grateful-for-all-of-the-activity-7458115865570492417-XL0K,2026-05-07 11:29:47.444000,—,"RPM, CPT",FORCED — comment grafts Cardiowell anchor onto unrelated post (lower-fidelity engagement),unipile_people,title_search,VP of Clinical Operations health system,I am so incredibly grateful for all of the amazing nurses that I have had the opportunity to learn from and work with. Happy Nurses Week!,"Nurse recognition is one of the quiet failure modes nobody screens for early, because teams notice turnover after the schedule starts breaking, not when the first signs show up on the floor. In most ambulatory settings, nurses are also the ones absorbing the between visit monitoring gap, the missed readings, the patient follow up, and the 20 minutes per patient per month that determines whether RPM actually works. The cost of missing that reality shows up in both care quality and economics, especially when clinics leave $100 to $120 per patient per month in CPT 99457 and 99458 revenue uncaptured because the workflow never got built around the nursing team. Worth designing the monitoring and escalation loop around nurse capacity first, not after adoption stalls.",§ 05 ICP Lanes — Lane 1 — Independent primary care / family medicine (3-20 providers),"§ 03 Signals (HIGHEST intent) — posts about 'RPM program', 'remote patient monitoring', 'remote BP monitoring' surface operational buyers actively evaluating or running RPM., § 03 Signals (HIGHEST intent) — posts mentioning CPT 99457/99458/99454, 'remote monitoring reimbursement', or 'uncaptured CPT revenue' indicate Track C finance audiences alert to revenue capture.","§ 06 Comment Reply Framework Angle 1 — 'validate-and-reframe' for venting posts. Acknowledge the operational pain, reframe through the between-visit-gap lens.","§ 07 Messaging Anchors — '$100-120 per hypertensive patient per month via CPT 99457 and 99458, plus the new 2026 codes 99445 and 99470 that make remote BP reimbursement materially easier to capture.'","Abbey Watkins (Vice President , Clinical Operations SCA Health, Randleman, NC) maps to Lane 1 — Independent primary care / family medicine (3-20 providers) [SWEET SPOT]. The post does not anchor Cardiowell topics directly, but the drafted comment pivots to RPM, CPT — a forced-anchor engagement. Review the post in-thread before posting; consider commenting in a tone closer to § 06 CR Framework Angle 1 (validate-and-reframe) rather than dropping the stat. Comment uses 'validate-and-reframe' for venting posts. Acknowledge the operational pain, reframe through the between-visit-gap lens. Anchor cited: § 07 Messaging Anchors — '$100-120 per hypertensive patient per month via CPT 99457 and 99458, plus the new 2026 codes 99445 and 99470 that make remote BP reimbursement materially easier to capture.' Discovery vector: 'VP of Clinical Operations health system' via the unipile_people/title_search channel. Verdict: FORCED — comment grafts Cardiowell anchor onto unrelated post (lower-fidelity engagement).",VP Clinical Operations likely buyer-shaped in healthcare,personal gratitude post from a likely ICP-fit author (nurse/healthcare professional),"personal appreciation message, not analyst or press-release summary",inline_icp_qualified — icp_scoring skipped,38,0,1,yes,yes
"Run 50ddab70 (RULE 24 + keyword, 2026-05-13 12:16)",6a046ba035904903df6850b1,drafted,Lane 1 — Independent primary care / family medicine (3-20 providers),SWEET SPOT,Christopher Cornue,"Executive Vice President & Chief Strategy Officer, Cone Health","Greensboro, NC",,https://www.linkedin.com/in/cornue,https://www.linkedin.com/posts/cornue_nurses-nursesweek-humanexperience-activity-7458292879564648448-asNd,2026-05-07 23:13:10.869000,—,BP,FORCED — comment grafts Cardiowell anchor onto unrelated post (lower-fidelity engagement),unipile_people,title_search,CNO medical practice,"I love our nurses!

While we officially celebrate nurses this week, I am eternally grateful for the work they do each and every day to care for others when it matters most.

What stands out to me is how consistently our nurses show up. They build trust with patients and families, support each other, and keep their focus on elevating the human experience. 

They make a real difference—quietly, reliably, and every single day.

Thank you for all you do and so proud to work alongside you all!

#nurses #nursesweek #humanexperience #makingadifference #conehealthproud","Nursing capacity is one of the quiet failure modes nobody screens for early in chronic care, especially once the patient leaves the building. The between visit gap is where BP logs go missing, outreach slips, and 20 minutes per patient per month of clinical time quietly disappears into manual follow up. With 120 million Americans living with hypertension and only about 24% controlled, the staffing model matters a lot more than most strategy decks admit. Worth measuring where nurses are spending monitoring time now, before more work gets added in the name of experience.",§ 05 ICP Lanes — Lane 1 — Independent primary care / family medicine (3-20 providers),"§ 03 Signals (HIGHEST intent) — posts mentioning 'uncontrolled hypertension', 'hypertension management', 'BP control' surface Track A clinical buyers actively managing chronic-care panels.","§ 06 Comment Reply Framework Angle 1 — 'validate-and-reframe' for venting posts. Acknowledge the operational pain, reframe through the between-visit-gap lens.",§ 07 Messaging Anchors — 'Approximately 120 million Americans have hypertension. Only about 24 percent have BP under control. Uncontrolled hypertension costs the US healthcare system about $131 billion per year.',"Christopher Cornue (Executive Vice President & Chief Strategy Officer, Cone Health, Greensboro, NC) maps to Lane 1 — Independent primary care / family medicine (3-20 providers) [SWEET SPOT]. The post does not anchor Cardiowell topics directly, but the drafted comment pivots to BP — a forced-anchor engagement. Review the post in-thread before posting; consider commenting in a tone closer to § 06 CR Framework Angle 1 (validate-and-reframe) rather than dropping the stat. Comment uses 'validate-and-reframe' for venting posts. Acknowledge the operational pain, reframe through the between-visit-gap lens. Anchor cited: § 07 Messaging Anchors — 'Approximately 120 million Americans have hypertension. Only about 24 percent have BP under control. Uncontrolled hypertension costs the US healthcare system about $131 billion per year.' Discovery vector: 'CNO medical practice' via the unipile_people/title_search channel. Verdict: FORCED — comment grafts Cardiowell anchor onto unrelated post (lower-fidelity engagement).","hospital C-suite decision-maker, plausible RPM buyer",icp_author_personal,"personal appreciation post, not analyst or press-release summary",inline_icp_qualified — icp_scoring skipped,71,1,0,yes,yes
"Run 50ddab70 (RULE 24 + keyword, 2026-05-13 12:16)",6a046ba035904903df6850b1,drafted,Lane 1 — Independent primary care / family medicine (3-20 providers),SWEET SPOT,"Christopher Kunney, FHIMSS, eFACHDM, MSMOT","Brain Tumor Survivor, TEDx Speaker, ACHDM Fellow, HIMSS Changemaker, Fellow, Ambassador, Partner IOTECH, Morehouse School of Medicine Advisor & Dignity Health Global Education, Award Winning Podcast, CHIME Alumni","Atlanta, GA",,https://www.linkedin.com/in/christopherkunney,https://www.linkedin.com/posts/christopherkunney_healthequity-vote-earlyvoting-activity-7459988369184440320-NQCf,2026-05-12 15:30:27.095000,—,"BP, PRACTICE",FORCED — comment grafts Cardiowell anchor onto unrelated post (lower-fidelity engagement),unipile_people,title_search,VP of Product medical practice,"🗳️ Your Vote Is a Health Intervention.

Let that sink in for a moment...

Every policy that shapes who gets care,  and who gets left behind starts with a ballot, The Political Determinants of Health. 

Every decision about Medicaid funding, mental health access, maternal mortality, environmental justice, and the zip codes where people thrive or struggle... traces back to who shows up at the polls.

We spend so much energy talking about health disparities. About trust gaps. About why communities of color are underserved, overlooked, and overexposed to illness.

But one of the most powerful prescriptions we have costs nothing and requires no referral.

Early voting has started. 🗓️

I've spent 25+ years working at the intersection of healthcare and equity. I've seen what happens when the people who understand the struggle don't show up, and what's possible when they do.

This isn't about party. This is about power.
Your vote is your voice in rooms you may never physically enter. It funds the clinics in underserved communities. It shapes the AI policies governing your health data. It decides whether health equity is a priority or a platitude.

So here's my challenge to you today:

✅ Vo","Where voter engagement in health usually breaks down is the jump from broad equity language to the specific policy decisions that determine whether care is available in a given ZIP code. The numbers underneath it are not abstract, 120 million Americans have hypertension, only about 24% are controlled, and the annual cost is roughly $131 billion, all of which gets shaped by who funds primary care, Medicaid, public health, and digital infrastructure. Health equity gets decided in budget lines long before it shows up in outcome dashboards. Worth tying the civic call to the 3 or 4 local funding choices that will move access, because that is where participation turns into measurable health impact.",§ 05 ICP Lanes — Lane 1 — Independent primary care / family medicine (3-20 providers),"§ 03 Signals (HIGHEST intent) — posts mentioning 'uncontrolled hypertension', 'hypertension management', 'BP control' surface Track A clinical buyers actively managing chronic-care panels.",§ 06 Comment Reply Framework Angle 2 — 'add-a-data-point' for industry news or Medicare updates. Drop the 120M/24%/$131B stat or the $100-120/patient/month CPT capture.,§ 07 Messaging Anchors — 'Approximately 120 million Americans have hypertension. Only about 24 percent have BP under control. Uncontrolled hypertension costs the US healthcare system about $131 billion per year.',"Christopher Kunney, FHIMSS, eFACHDM, MSMOT (Brain Tumor Survivor, TEDx Speaker, ACHDM Fellow, HIMSS Changemaker, Fellow, Ambassador, Partner IOTECH, Morehouse School of Medicine Advisor & Dignity Health Global Education, Award Winning Podcast, CHIME Alumni, Atlanta, GA) maps to Lane 1 — Independent primary care / family medicine (3-20 providers) [SWEET SPOT]. The post does not anchor Cardiowell topics directly, but the drafted comment pivots to BP, PRACTICE — a forced-anchor engagement. Review the post in-thread before posting; consider commenting in a tone closer to § 06 CR Framework Angle 1 (validate-and-reframe) rather than dropping the stat. Comment uses 'add-a-data-point' for industry news or Medicare updates. Drop the 120M/24%/$131B stat or the $100-120/patient/month CPT capture. Anchor cited: § 07 Messaging Anchors — 'Approximately 120 million Americans have hypertension. Only about 24 percent have BP under control. Uncontrolled hypertension costs the US healthcare system about $131 billion per year.' Discovery vector: 'VP of Product medical practice' via the unipile_people/title_search channel. Verdict: FORCED — comment grafts Cardiowell anchor onto unrelated post (lower-fidelity engagement).","vendor/consultant signal (IOTECH Consulting), unclear buyer role","direct_expertise — author references 25+ years at healthcare-equity intersection, providing context on voting and policy as health interventions.","original civic/health-equity advocacy, not analyst or press-release summary",inline_icp_qualified — icp_scoring skipped,31,2,3,yes,yes
"Run 50ddab70 (RULE 24 + keyword, 2026-05-13 12:16)",6a046ba035904903df6850b1,drafted,Lane 1 — Independent primary care / family medicine (3-20 providers),SWEET SPOT,"Dr. Shakyryn Napier, DHSc, RN, CPN, NEA-BC, LSSYB",Chief Nursing Officer 💙 Passionate Nurse | Lifelong Learner | Empowering the Next Generation of Nursing Leaders,"Beaver, PA",,https://www.linkedin.com/in/shakyryn-napier,https://www.linkedin.com/posts/shakyryn-napier_upmcnursing-nursesweek-activity-7460094131814420480-Y0nO,2026-05-12 22:30:42.871000,—,BP,FORCED — comment grafts Cardiowell anchor onto unrelated post (lower-fidelity engagement),unipile_people,title_search,CNO medical practice,"What a perfect way to wrap up Nurses Week and kick off Hospital Week. Today we celebrated UPMC Jameson’s 10‑year anniversary and our annual employee picnic, and the energy was incredible. This team shows up with heart, humor, and so much pride in the work we do for our community. Grateful for every single person who makes UPMC such a special place to lead and serve!

#UPMCNursing
#NursesWeek","Where Nurses Week celebrations usually break down is when recognition stays annual while the staffing and patient follow up strain shows up every day on the unit. In most hospitals, 20 minutes of extra clinical coordination per patient per month is enough to tip a good team into constant catch up, especially as chronic care volume keeps rising. The operators who protect nurse capacity are the ones who measure where follow up work is actually landing before morale data tells them they waited too long.",§ 05 ICP Lanes — Lane 1 — Independent primary care / family medicine (3-20 providers),"§ 03 Signals (HIGHEST intent) — posts mentioning 'uncontrolled hypertension', 'hypertension management', 'BP control' surface Track A clinical buyers actively managing chronic-care panels.","§ 06 Comment Reply Framework Angle 1 — 'validate-and-reframe' for venting posts. Acknowledge the operational pain, reframe through the between-visit-gap lens.",§ 07 Messaging Anchors — '30 days to fully running. No upfront cost. 20 minutes per patient per month of clinician time.',"Dr. Shakyryn Napier, DHSc, RN, CPN, NEA-BC, LSSYB (Chief Nursing Officer 💙 Passionate Nurse | Lifelong Learner | Empowering the Next Generation of Nursing Leaders, Beaver, PA) maps to Lane 1 — Independent primary care / family medicine (3-20 providers) [SWEET SPOT]. The post does not anchor Cardiowell topics directly, but the drafted comment pivots to BP — a forced-anchor engagement. Review the post in-thread before posting; consider commenting in a tone closer to § 06 CR Framework Angle 1 (validate-and-reframe) rather than dropping the stat. Comment uses 'validate-and-reframe' for venting posts. Acknowledge the operational pain, reframe through the between-visit-gap lens. Anchor cited: § 07 Messaging Anchors — '30 days to fully running. No upfront cost. 20 minutes per patient per month of clinician time.' Discovery vector: 'CNO medical practice' via the unipile_people/title_search channel. Verdict: FORCED — comment grafts Cardiowell anchor onto unrelated post (lower-fidelity engagement).","Chief Nursing Officer at UPMC (health system, in-industry buyer)",personal narrative from ICP-fit author (healthcare leadership) expressing gratitude and team pride,"personal workplace celebration, not analyst or press-release summary",inline_icp_qualified — icp_scoring skipped,15,0,0,yes,yes
"Run e5db6e23 (KEYWORD-ONLY, 2026-05-13 12:37)",6a047071222bb47a3ed3e38d,drafted,Lane 1 — Independent primary care / family medicine (3-20 providers),SWEET SPOT,Holly Beeman MD. MBA.,Senior Healthcare Executive:   Multi-site System Alignment | Strategy and Growth | Culture Builder,"Denver, Colorado, United States",Swedish Medical Center,https://www.linkedin.com/in/hollytbeeman,https://www.linkedin.com/posts/hollytbeeman_nursesweek-healthcare-gratitude-activity-7458659957522173952-AfDA,2026-05-08 23:31:49.074000,—,BP,FORCED — comment grafts Cardiowell anchor onto unrelated post (lower-fidelity engagement),tier_1_kw,keyword_topical,physician leaving hospital medicine,"What my eleven-year-old taught me about nurses.

I’ve had the privilege of experiencing nurses through three very different lenses: as a healthcare executive, as a physician, and as a mother.

As a healthcare leader, I can say with complete confidence—nurses are the heart of our healthcare systems. In many ways, they are also the circulatory system—keeping everything moving, connected, and alive. Their expertise, vigilance, compassion, and teamwork shape not only clinical outcomes, but the human experience of care.

As an OB/GYN physician, I had the opportunity to work side by side with nurses across labor & delivery, the OR, ICU, ED, and inpatient units. Quite honestly, nurses made me a better doctor. Early in my training, they taught me not just how to manage complexity—but how to stay grounded in what matters most: the patient in front of me.

But it is as a mother that I feel my deepest gratitude.

When my son Charlie was 11, he underwent an 8-hour craniofacial reconstruction surgery at Seattle Children’s. 

As a physician, I understood the medicine. 

As a mother, I was terrified.

What carried our family through was extraordinary nursing care.

An ICU nurse noticed early sign","Where gratitude for nurses usually breaks down is when systems celebrate compassion but leave the heaviest vigilance work invisible and uncompensated. A bedside nurse catching oversedation early is exactly the same pattern we see after discharge, when 20 minutes of monthly clinical review can prevent a readmission or an ED visit, but the signal gets missed between visits. With 120 million Americans living with hypertension and only about 24% controlled, the cost of that monitoring gap is measured in outcomes, burnout, and real dollars. Worth measuring and staffing the between visit surveillance work like core clinical care, not treating it as extra goodwill.",§ 05 ICP Lanes — Lane 1 — Independent primary care / family medicine (3-20 providers),"§ 03 Signals (HIGHEST intent) — posts mentioning 'uncontrolled hypertension', 'hypertension management', 'BP control' surface Track A clinical buyers actively managing chronic-care panels.",§ 06 Comment Reply Framework Angle 3 — 'go-direct' for explicit advice-seeking posts where the thread invites a product mention. Cardiowell name allowed here.,§ 07 Messaging Anchors — 'Approximately 120 million Americans have hypertension. Only about 24 percent have BP under control. Uncontrolled hypertension costs the US healthcare system about $131 billion per year.',"Holly Beeman MD. MBA. (Senior Healthcare Executive:   Multi-site System Alignment | Strategy and Growth | Culture Builder, Denver, Colorado, United States) maps to Lane 1 — Independent primary care / family medicine (3-20 providers) [SWEET SPOT]. The post does not anchor Cardiowell topics directly, but the drafted comment pivots to BP — a forced-anchor engagement. Review the post in-thread before posting; consider commenting in a tone closer to § 06 CR Framework Angle 1 (validate-and-reframe) rather than dropping the stat. Comment uses 'go-direct' for explicit advice-seeking posts where the thread invites a product mention. Cardiowell name allowed here. Anchor cited: § 07 Messaging Anchors — 'Approximately 120 million Americans have hypertension. Only about 24 percent have BP under control. Uncontrolled hypertension costs the US healthcare system about $131 billion per year.' Discovery vector: 'physician leaving hospital medicine' via the tier_1_kw/keyword_topical channel. Verdict: FORCED — comment grafts Cardiowell anchor onto unrelated post (lower-fidelity engagement).","healthcare executive at multi-site health system, plausible buyer",icp_author_personal — personal narrative from an ICP-fit healthcare executive reflecting on professional and personal experiences with nursing.,personal story and appreciation for nurses,,98,22,0,yes,—
"Run e5db6e23 (KEYWORD-ONLY, 2026-05-13 12:37)",6a047071222bb47a3ed3e38d,drafted,Lane 1 — Independent primary care / family medicine (3-20 providers),SWEET SPOT,"Mary Leung, MD",Certified Physician Life Coach / Speaker / Clinical Assistant Professor at Mount Sinai South Nassau,New York City Metropolitan Area,Mount Sinai South Nassau,https://www.linkedin.com/in/mary-leung-md-9b52331b4,https://www.linkedin.com/posts/mary-leung-md-9b52331b4_imagine-enjoying-your-life-after-clinic-again-activity-7459565370056568833-wmCs,2026-05-11 11:29:36.244000,—,"BP, PRACTICE",FORCED — comment grafts Cardiowell anchor onto unrelated post (lower-fidelity engagement),tier_1_kw,keyword_topical,physician leaving hospital medicine,"Imagine Enjoying Your Life After Clinic Again

“I have no time.”

I used to say that all the time.

The last patient was seen at 4:30 PM, yet I was still charting hours later. The inbox felt like a monster waiting for me every evening. Another missed dinner with my family. Another night thinking about work in bed instead of resting.

For many physicians, this has become “normal.”

But is this really what practicing medicine is supposed to feel like?

Medicine quietly teaches us that self-sacrifice is part of being a “good doctor.”
Work longer. Push harder. Ignore your needs. Patients first.

Somewhere along the way, many physicians learned to put themselves last.

Exhaustion became normalized.
Missing life became expected.
Leaving on time started to feel like failure.

I remember carrying the belief:
“If I leave on time, I’m not doing enough.”

But working endlessly is not proof of compassion or competence.

A physician running on empty cannot sustainably care for others.

You are allowed to have a life outside of medicine.

You are allowed to:
✔ Leave work on time
✔ Eat dinner without charting
✔ Rest without guilt
✔ Spend time with loved ones
✔ Enjoy hobbies, exercise, and joy out","Where leaving on time usually breaks down is the hour after the last patient, when charts, inbox messages, and between visit issues all land on the same physician. In primary care, just 20 minutes per patient per month of structured follow up can decide whether a blood pressure issue becomes a midnight portal thread or a managed workflow. The burnout problem is not only volume, it is that too much care delivery still happens off schedule and off process. Worth measuring which tasks keep showing up after clinic closes, then redesigning that layer first, not after another quarter of exhausted doctors.",§ 05 ICP Lanes — Lane 1 — Independent primary care / family medicine (3-20 providers),"§ 03 Signals (HIGHEST intent) — posts mentioning 'uncontrolled hypertension', 'hypertension management', 'BP control' surface Track A clinical buyers actively managing chronic-care panels.",§ 06 Comment Reply Framework Angle 3 — 'go-direct' for explicit advice-seeking posts where the thread invites a product mention. Cardiowell name allowed here.,§ 07 Messaging Anchors — 'The between-visit monitoring gap is the structural reason BP goes uncontrolled. Most hypertensive patients are seen 2-3 times a year; everything in between is largely invisible.',"Mary Leung, MD (Certified Physician Life Coach / Speaker / Clinical Assistant Professor at Mount Sinai South Nassau, New York City Metropolitan Area) maps to Lane 1 — Independent primary care / family medicine (3-20 providers) [SWEET SPOT]. The post does not anchor Cardiowell topics directly, but the drafted comment pivots to BP, PRACTICE — a forced-anchor engagement. Review the post in-thread before posting; consider commenting in a tone closer to § 06 CR Framework Angle 1 (validate-and-reframe) rather than dropping the stat. Comment uses 'go-direct' for explicit advice-seeking posts where the thread invites a product mention. Cardiowell name allowed here. Anchor cited: § 07 Messaging Anchors — 'The between-visit monitoring gap is the structural reason BP goes uncontrolled. Most hypertensive patients are seen 2-3 times a year; everything in between is largely invisible.' Discovery vector: 'physician leaving hospital medicine' via the tier_1_kw/keyword_topical channel. Verdict: FORCED — comment grafts Cardiowell anchor onto unrelated post (lower-fidelity engagement).",Practicing physician at major health system,icp_author_personal,"author’s own perspective and coaching advice, not analyst/report summary",,10,7,0,yes,—
"Run 50ddab70 (RULE 24 + keyword, 2026-05-13 12:16)",6a046ba035904903df6850b1,gate_passed,Lane 1 — Independent primary care / family medicine (3-20 providers),SWEET SPOT,Christopher Robinson,Physician/Partner at Charleston Maternal Fetal Medicine,"Charleston, SC",,https://www.linkedin.com/in/christopher-robinson-4b77246b,https://www.linkedin.com/posts/christopher-robinson-4b77246b_ajog-expert-review-in-cesarean-essential-activity-7459215267546468352-c8h7,2026-05-10 12:18:25.301000,—,—,OFF-TOPIC — neither post nor comment anchors a Cardiowell topic (review before engaging),unipile_people,title_search,Family Medicine physician small group,"AJOG Expert Review in Cesarean: Essential anatomical knowledge for performing routine and complex cesarean delivery - Lateral hysterotomy hematoma
Anterior view of the uterus. Hemorrhage between the 2 layers of the broad ligament extends to the retroperitoneal space. Clinically, this presents with hemodynamic deterioration, and initial imaging studies (ultrasonography) may yield false-negative results due to the bleeding’s deep posterior location. https://ow.ly/SjHv50YiGwP",,§ 05 ICP Lanes — Lane 1 — Independent primary care / family medicine (3-20 providers),(no specific HIGHEST-intent signal — engagement leans on lane fit and ICP rubric),"§ 06 Comment Reply Framework Angle 1 — 'validate-and-reframe' for venting posts. Acknowledge the operational pain, reframe through the between-visit-gap lens.",(no specific § 07 messaging anchor cited in this draft),"Christopher Robinson (Physician/Partner at Charleston Maternal Fetal Medicine, Charleston, SC) maps to Lane 1 — Independent primary care / family medicine (3-20 providers) [SWEET SPOT]. Neither post nor comment surfaces a Cardiowell topical anchor. This is the weakest-fidelity entry in the set — likely the gate accepted the author's in-industry profile despite the post being off-topic. Manual review recommended. Comment uses 'validate-and-reframe' for venting posts. Acknowledge the operational pain, reframe through the between-visit-gap lens. Discovery vector: 'Family Medicine physician small group' via the unipile_people/title_search channel. Verdict: OFF-TOPIC — neither post nor comment anchors a Cardiowell topic (review before engaging).",in-industry buyer (medical practice physician),direct_expertise,"author shares a clinical teaching point, not analyst reportage",inline_icp_qualified — icp_scoring skipped,0,0,0,yes,yes
"Run 50ddab70 (RULE 24 + keyword, 2026-05-13 12:16)",6a046ba035904903df6850b1,drafted,Lane 1 — Independent primary care / family medicine (3-20 providers),SWEET SPOT,Craig Allan Ahrens,AI Workforce Unifying Infrastructure for Healthcare | Created & Scaled 1st Healthcare Workforce Marketplaces | Alum CareRev (YC); ShiftMed | Author of “The New Category: AI Workforce Operational Infrastructure”,San Francisco Bay Area,,https://www.linkedin.com/in/craigahrens,https://www.linkedin.com/posts/craigahrens_workday-hrtech-aiagents-activity-7458259997232386048-pTj-,2026-05-07 21:02:31.110000,—,—,OFF-TOPIC — neither post nor comment anchors a Cardiowell topic (review before engaging),unipile_people,title_search,VP of Product medical practice,"Late to the Party of Workday:a16z - Thoughts and a Path from My Perspective

I waited three weeks before weighing in on the Workday-a16z debate.  See my comments on deep level on substack link in comments.  Here is the link to what sparked the debate: https://lnkd.in/gW-jA-Mx.

Six of the sharpest voices in our category published their takes in turn. I read every one as they came out.  Joe Schmidt IV at Andreessen Horowitz opened with the foundation piece arguing Workday is structurally cooked.  Thomas Otter at Acadian Ventures answered the next day. Anita Lettink weighed in with the regulated infrastructure read. Jerome Gouvernel at datascalehr fired back with the ice industry analogy.  Andy Turnbull at Wave1 brought the practitioner perspective. George LaRocque at WorkTech synthesized all five with nine years of capital data.

Then I let the conversation breathe.

How I feel about it: watching six of the sharpest voices in our category circle the same gap without naming it has been clarifying, not frustrating.  Every one of them got close. 

To me the main thing is a need in the market - The non existent “substrate” layer that would be the AI connective tissue between the systems","Where workforce infrastructure usually breaks down is at the handoff between systems of record and the operational layer that is supposed to turn data into action. In healthcare that fragmentation is not abstract, it shows up across Epic, UKG, Workday, and staffing systems where a 300 bed hospital can lose weeks just reconciling permissions, schedules, and labor data before a workflow changes on the floor. The missing layer is not another system of record, it is the logic that decides what happens next across those systems. Worth mapping the 5 to 7 workflows where fragmentation is creating the most delay before building more AI on top of it, not after.",§ 05 ICP Lanes — Lane 1 — Independent primary care / family medicine (3-20 providers),(no specific HIGHEST-intent signal — engagement leans on lane fit and ICP rubric),§ 06 Comment Reply Framework Angle 2 — 'add-a-data-point' for industry news or Medicare updates. Drop the 120M/24%/$131B stat or the $100-120/patient/month CPT capture.,(no specific § 07 messaging anchor cited in this draft),"Craig Allan Ahrens (AI Workforce Unifying Infrastructure for Healthcare | Created & Scaled 1st Healthcare Workforce Marketplaces | Alum CareRev (YC); ShiftMed | Author of “The New Category: AI Workforce Operational Infrastructure”, San Francisco Bay Area) maps to Lane 1 — Independent primary care / family medicine (3-20 providers) [SWEET SPOT]. Neither post nor comment surfaces a Cardiowell topical anchor. This is the weakest-fidelity entry in the set — likely the gate accepted the author's in-industry profile despite the post being off-topic. Manual review recommended. Comment uses 'add-a-data-point' for industry news or Medicare updates. Drop the 120M/24%/$131B stat or the $100-120/patient/month CPT capture. Discovery vector: 'VP of Product medical practice' via the unipile_people/title_search channel. Verdict: OFF-TOPIC — neither post nor comment anchors a Cardiowell topic (review before engaging).",vendor pitch (AI workforce infrastructure for healthcare),author describes their perspective and solution in HRTech/AI work context,author’s own synthesis and opinion on the debate,inline_icp_qualified — icp_scoring skipped,9,4,0,yes,yes
"Run 50ddab70 (RULE 24 + keyword, 2026-05-13 12:16)",6a046ba035904903df6850b1,gate_passed,Lane 1 — Independent primary care / family medicine (3-20 providers),SWEET SPOT,Michelle Malcolmson,Lifestyle Precision Medicine,San Francisco Bay Area,,https://www.linkedin.com/in/activity-7457922617107173377-nhts,https://www.linkedin.com/posts/activity-7457922617107173377-nhts,2026-05-06 22:41:53.420000,—,—,OFF-TOPIC — neither post nor comment anchors a Cardiowell topic (review before engaging),unipile_people,title_search,Family Medicine physician small group,"Next on my reading list: Brain Defenders by Dr. David Perlmutter.

In it, Dr. Perlmutter reframes how we think about neurodegenerative diseases like Alzheimer's, Parkinson's, and even depression — pointing not to dying neurons as the starting point, but to the brain's own immune cells, the microglia. When microglia are metabolically healthy, they protect and repair. When they're dysregulated by chronic inflammation, poor metabolic health, and lifestyle stressors, they can become drivers of cognitive decline.

What I find compelling — and what aligns so closely with the work we do at Lifestyle Precision Medicine — is the central message: the daily choices we make shape the trajectory of our brain health. Sleep, movement, metabolic health, stress, and food are not soft factors. They are the intervention.

Which brings me to something I talk about with nearly every patient: cook at home. Eat real food.

There is no supplement, no biohack, and no prescription that replaces the quiet, consistent power of preparing whole foods in your own kitchen. It is one of the most underrated acts of preventive medicine I know of — for your metabolism, your microbiome, and yes, your microglia.

A qui",,§ 05 ICP Lanes — Lane 1 — Independent primary care / family medicine (3-20 providers),(no specific HIGHEST-intent signal — engagement leans on lane fit and ICP rubric),§ 06 Comment Reply Framework Angle 3 — 'go-direct' for explicit advice-seeking posts where the thread invites a product mention. Cardiowell name allowed here.,(no specific § 07 messaging anchor cited in this draft),"Michelle Malcolmson (Lifestyle Precision Medicine, San Francisco Bay Area) maps to Lane 1 — Independent primary care / family medicine (3-20 providers) [SWEET SPOT]. Neither post nor comment surfaces a Cardiowell topical anchor. This is the weakest-fidelity entry in the set — likely the gate accepted the author's in-industry profile despite the post being off-topic. Manual review recommended. Comment uses 'go-direct' for explicit advice-seeking posts where the thread invites a product mention. Cardiowell name allowed here. Discovery vector: 'Family Medicine physician small group' via the unipile_people/title_search channel. Verdict: OFF-TOPIC — neither post nor comment anchors a Cardiowell topic (review before engaging).","possible buyer; lifestyle/precision medicine practice author likely in primary care, matches operator's target industry","direct_expertise — author (likely clinician or practitioner in lifestyle medicine) applies specific medical understanding to actionable advice, references their clinical practice, and ties to their operational context","author’s own health take and recipe, only briefly referencing a book",inline_icp_qualified — icp_scoring skipped,1,0,0,yes,yes
"Run 50ddab70 (RULE 24 + keyword, 2026-05-13 12:16)",6a046ba035904903df6850b1,gate_passed,Lane 1 — Independent primary care / family medicine (3-20 providers),SWEET SPOT,Preeti Shakya,Physician I Johns Hopkins MPH | Sommer Scholar I UN Women 30 for 2030,Charlotte Metro,,https://www.linkedin.com/in/preeti-shakya,https://www.linkedin.com/posts/preeti-shakya_grateful-to-have-attended-the-sommer-scholars-activity-7457802696830574592-EQ65,2026-05-06 14:45:22.198000,—,—,OFF-TOPIC — neither post nor comment anchors a Cardiowell topic (review before engaging),unipile_people,title_search,Family Medicine physician small group,"Grateful to have attended the Sommer Scholars’ 20th Anniversary celebration last Friday evening.

It was a special opportunity to reconnect with members of this global community, spanning 51 countries and reflect on the collective impact of the program in public health. I especially appreciated hearing about the varied paths our careers have taken and taking time to celebrate the people and relationships that make this program so impactful. 

A sincere thanks to Dean Emeritus Dr. Alfred Sommer, whose vision and legacy continue to inspire this incredible program; to MPH Chair Dr. Marie Diener-West for her leadership and contributions to the community; to Dean Dr. Keshia Pollack Porter, whose remarks and personal insights on leadership and values left a lasting impression on me and to Caitlin Kennedy, Erika Juengst, and the entire team for bringing this celebration to life.",,§ 05 ICP Lanes — Lane 1 — Independent primary care / family medicine (3-20 providers),(no specific HIGHEST-intent signal — engagement leans on lane fit and ICP rubric),"§ 06 Comment Reply Framework Angle 1 — 'validate-and-reframe' for venting posts. Acknowledge the operational pain, reframe through the between-visit-gap lens.",(no specific § 07 messaging anchor cited in this draft),"Preeti Shakya (Physician I Johns Hopkins MPH | Sommer Scholar I UN Women 30 for 2030, Charlotte Metro) maps to Lane 1 — Independent primary care / family medicine (3-20 providers) [SWEET SPOT]. Neither post nor comment surfaces a Cardiowell topical anchor. This is the weakest-fidelity entry in the set — likely the gate accepted the author's in-industry profile despite the post being off-topic. Manual review recommended. Comment uses 'validate-and-reframe' for venting posts. Acknowledge the operational pain, reframe through the between-visit-gap lens. Discovery vector: 'Family Medicine physician small group' via the unipile_people/title_search channel. Verdict: OFF-TOPIC — neither post nor comment anchors a Cardiowell topic (review before engaging).",Possible in-industry practitioner,"icp_author_personal — gratitude reflection from plausible ICP-fit author, warm-light signal","personal event reflection, not analyst or press-release summary",inline_icp_qualified — icp_scoring skipped,35,5,0,yes,yes
"Run 50ddab70 (RULE 24 + keyword, 2026-05-13 12:16)",6a046ba035904903df6850b1,drafted,Lane 1 — Independent primary care / family medicine (3-20 providers),SWEET SPOT,Sai Pavitra Paidimarri,Doctor,"Plano, TX",,https://www.linkedin.com/in/sai-pavitra-paidimarri-292502a7,https://www.linkedin.com/posts/sai-pavitra-paidimarri-292502a7_metaanalysis-systematicreview-medicalresearch-activity-7460045798878363648-4jRv,2026-05-12 19:18:39.401000,—,—,OFF-TOPIC — neither post nor comment anchors a Cardiowell topic (review before engaging),unipile_people,title_search,Cardiologist outpatient,"Looking for motivated collaborators for a rapid-turnaround meta-analysis project for submission to the American College of Gastroenterology conference. Deadline is approaching soon (around June 1), and I’m looking for experienced, dedicated people who can actively contribute and work consistently to complete the project on time.
Tasks may include:
• Literature screening
• Data extraction
• Statistical analysis
• Manuscript writing/editing
• Reference management
• Tables/figures preparation
Prior experience with systematic reviews/meta-analyses is strongly preferred. I can guide and coordinate the project, but I need reliable team members who are genuinely committed and can move quickly.
This is a great opportunity for collaborative research, authorship, conference submission experience, and networking.
If interested, please DM me with:
• Your background/experience
• Previous research work (if any)
• Availability over the next 2–3 weeks
Serious and responsive contributors only.
#MetaAnalysis #SystematicReview #MedicalResearch #ResearchCollaboration #ACG2026 #Gastroenterology #ClinicalResearch #ResearchOpportunity #IMGDoctors #PhysicianResearchers #EvidenceBasedMedicine #AcademicMedi","A rapid turnaround meta analysis is the cleanest test of research team quality because deadlines expose who can actually move from screening to clean tables without dropping consistency. Most projects like this do not fail on topic fit, they fail in the handoff between 3 to 5 contributors when extraction logic and exclusion criteria drift by week 2. The groups that submit on time usually lock the data dictionary, screening rules, and ownership by section before the first 100 abstracts, not after the writing starts.",§ 05 ICP Lanes — Lane 1 — Independent primary care / family medicine (3-20 providers),(no specific HIGHEST-intent signal — engagement leans on lane fit and ICP rubric),§ 06 Comment Reply Framework Angle 3 — 'go-direct' for explicit advice-seeking posts where the thread invites a product mention. Cardiowell name allowed here.,§ 07 Messaging Anchors — 'The between-visit monitoring gap is the structural reason BP goes uncontrolled. Most hypertensive patients are seen 2-3 times a year; everything in between is largely invisible.',"Sai Pavitra Paidimarri (Doctor, Plano, TX) maps to Lane 1 — Independent primary care / family medicine (3-20 providers) [SWEET SPOT]. Neither post nor comment surfaces a Cardiowell topical anchor. This is the weakest-fidelity entry in the set — likely the gate accepted the author's in-industry profile despite the post being off-topic. Manual review recommended. Comment uses 'go-direct' for explicit advice-seeking posts where the thread invites a product mention. Cardiowell name allowed here. Anchor cited: § 07 Messaging Anchors — 'The between-visit monitoring gap is the structural reason BP goes uncontrolled. Most hypertensive patients are seen 2-3 times a year; everything in between is largely invisible.' Discovery vector: 'Cardiologist outpatient' via the unipile_people/title_search channel. Verdict: OFF-TOPIC — neither post nor comment anchors a Cardiowell topic (review before engaging).",doctor (potential buyer) with plausible clinical decision power,conference_mention,"collaboration/research opportunity post, not analyst reportage",inline_icp_qualified — icp_scoring skipped,3,2,0,yes,yes
"Run 50ddab70 (RULE 24 + keyword, 2026-05-13 12:16)",6a046ba035904903df6850b1,gate_passed,Lane 1 — Independent primary care / family medicine (3-20 providers),SWEET SPOT,"Sarah Matt MD, MBA",Chief Strategy Officer | National Best Selling Author | Speaker | Healthcare Board Advisor | Oracle Alumni,"Fayetteville, NY",,https://www.linkedin.com/in/sarahmattmd,https://www.linkedin.com/posts/sarahmattmd_fwordfriday-clinicalai-healthcaregovernance-activity-7458516560442372097--x3V,2026-05-08 14:02:00.546000,—,—,OFF-TOPIC — neither post nor comment anchors a Cardiowell topic (review before engaging),unipile_people,title_search,VP of Product medical practice,"F-word Friday. Today's word: Failure.

Specifically: the pattern of AI failure in healthcare that never makes it into the governance documentation afterward.

The tool did not fail because the model was bad. The model was fine. The tool failed because the sign-off workflow was not rebuilt before go-live. Because the clinician of record was expected to catch errors in a recommendation they had no framework for auditing. Because the vendor's training data and the production population were different in ways the procurement team never tested.

Clinical AI failure is almost always organizational. The technology is rarely the bottleneck.

The video breaks down the real failure pattern and the three governance moves that prevent it.

#FWordFriday #ClinicalAI #HealthcareGovernance #HealthTech",,§ 05 ICP Lanes — Lane 1 — Independent primary care / family medicine (3-20 providers),(no specific HIGHEST-intent signal — engagement leans on lane fit and ICP rubric),§ 06 Comment Reply Framework Angle 3 — 'go-direct' for explicit advice-seeking posts where the thread invites a product mention. Cardiowell name allowed here.,(no specific § 07 messaging anchor cited in this draft),"Sarah Matt MD, MBA (Chief Strategy Officer | National Best Selling Author | Speaker | Healthcare Board Advisor | Oracle Alumni, Fayetteville, NY) maps to Lane 1 — Independent primary care / family medicine (3-20 providers) [SWEET SPOT]. Neither post nor comment surfaces a Cardiowell topical anchor. This is the weakest-fidelity entry in the set — likely the gate accepted the author's in-industry profile despite the post being off-topic. Manual review recommended. Comment uses 'go-direct' for explicit advice-seeking posts where the thread invites a product mention. Cardiowell name allowed here. Discovery vector: 'VP of Product medical practice' via the unipile_people/title_search channel. Verdict: OFF-TOPIC — neither post nor comment anchors a Cardiowell topic (review before engaging).",Healthcare strategy executive with possible buyer authority,author shows direct expertise describing AI failures in healthcare deployments,author’s own analysis of AI governance failure,inline_icp_qualified — icp_scoring skipped,5,1,0,yes,yes
"Run 50ddab70 (RULE 24 + keyword, 2026-05-13 12:16)",6a046ba035904903df6850b1,gate_passed,Lane 1 — Independent primary care / family medicine (3-20 providers),SWEET SPOT,"Sarah Matt MD, MBA",Chief Strategy Officer | National Best Selling Author | Speaker | Healthcare Board Advisor | Oracle Alumni,"Fayetteville, NY",,https://www.linkedin.com/in/sarahmattmd,https://www.linkedin.com/posts/sarahmattmd_tacothursday-physicianleader-leadership-activity-7458154852196478976-1id1,2026-05-07 14:04:42.580000,—,—,OFF-TOPIC — neither post nor comment anchors a Cardiowell topic (review before engaging),unipile_people,title_search,VP of Product medical practice,"Happy Taco Thursday. 🌮

Some leaders dismiss rituals as trivial. I'd argue they're data.

The fact that a weekly taco can shift the mood in a room tells you something important: consistency beats intensity every time. Not just for tacos. For culture, for patient trust, for building a team that shows up when things get hard.

Healthcare leadership loves the dramatic pivot. New strategy, new org chart, new tech stack. But organizations that actually sustain change? They nail the small recurring rituals first.

Your patients notice if you run 20 minutes late more than they notice your brand-new EHR.

Your team notices if you remember their kids' names.

Rituals compound. Tacos compound.

What's your Taco Thursday equivalent at work? That small, consistent thing that keeps your team human?

#TacoThursday #PhysicianLeader #Leadership #HealthcareAI #VitalWerks",,§ 05 ICP Lanes — Lane 1 — Independent primary care / family medicine (3-20 providers),(no specific HIGHEST-intent signal — engagement leans on lane fit and ICP rubric),§ 06 Comment Reply Framework Angle 3 — 'go-direct' for explicit advice-seeking posts where the thread invites a product mention. Cardiowell name allowed here.,(no specific § 07 messaging anchor cited in this draft),"Sarah Matt MD, MBA (Chief Strategy Officer | National Best Selling Author | Speaker | Healthcare Board Advisor | Oracle Alumni, Fayetteville, NY) maps to Lane 1 — Independent primary care / family medicine (3-20 providers) [SWEET SPOT]. Neither post nor comment surfaces a Cardiowell topical anchor. This is the weakest-fidelity entry in the set — likely the gate accepted the author's in-industry profile despite the post being off-topic. Manual review recommended. Comment uses 'go-direct' for explicit advice-seeking posts where the thread invites a product mention. Cardiowell name allowed here. Discovery vector: 'VP of Product medical practice' via the unipile_people/title_search channel. Verdict: OFF-TOPIC — neither post nor comment anchors a Cardiowell topic (review before engaging).","Healthcare executive with plausible buyer title (CSO), discussing practice leadership",icp_author_personal,"original leadership take, not analyst summary",inline_icp_qualified — icp_scoring skipped,6,3,0,yes,yes
"Run 50ddab70 (RULE 24 + keyword, 2026-05-13 12:16)",6a046ba035904903df6850b1,drafted,Lane 1 — Independent primary care / family medicine (3-20 providers),SWEET SPOT,Trish Baise,"Chief Nurse Executive @ ECU Health | DNP, RN, NEA-BC, FACHE, FAONL","Greenville, NC",,https://www.linkedin.com/in/trish-baise,https://www.linkedin.com/posts/trish-baise_happy-nurses-week-its-been-a-great-several-activity-7460024335022403584-UiJR,2026-05-12 17:53:22.019000,—,—,OFF-TOPIC — neither post nor comment anchors a Cardiowell topic (review before engaging),unipile_people,title_search,CNO medical practice,"Happy Nurses Week! It's been a great several days and my favorite part is always Walk a Mile - when our board members and executives spending meaningful time with our nurses.  The experience provides leaders with the opportunity to step alongside nurses, hear their perspectives firsthand and deepen their understanding of the compassion, expertise and strength nurses bring to every patient interaction. It also reinforces the importance of listening as a foundation for effective leadership and meaningful connection across teams. Thank you to all of our participants and a big thank you to all nurses!","Executive shadowing is one of the quiet failure modes nobody screens for early, because most organizations hear the bedside reality during Nurses Week and then lose it once the month rolls over. The gap usually shows up in what never gets measured between rounds, between visits, and between leadership meetings, even though those misses drive a lot of the patient friction nurses end up carrying. The strongest systems turn those observations into 30, 60, and 90 day operating changes with named owners, not another appreciation campaign.",§ 05 ICP Lanes — Lane 1 — Independent primary care / family medicine (3-20 providers),(no specific HIGHEST-intent signal — engagement leans on lane fit and ICP rubric),"§ 06 Comment Reply Framework Angle 1 — 'validate-and-reframe' for venting posts. Acknowledge the operational pain, reframe through the between-visit-gap lens.",§ 07 Messaging Anchors — 'The between-visit monitoring gap is the structural reason BP goes uncontrolled. Most hypertensive patients are seen 2-3 times a year; everything in between is largely invisible.',"Trish Baise (Chief Nurse Executive @ ECU Health | DNP, RN, NEA-BC, FACHE, FAONL, Greenville, NC) maps to Lane 1 — Independent primary care / family medicine (3-20 providers) [SWEET SPOT]. Neither post nor comment surfaces a Cardiowell topical anchor. This is the weakest-fidelity entry in the set — likely the gate accepted the author's in-industry profile despite the post being off-topic. Manual review recommended. Comment uses 'validate-and-reframe' for venting posts. Acknowledge the operational pain, reframe through the between-visit-gap lens. Anchor cited: § 07 Messaging Anchors — 'The between-visit monitoring gap is the structural reason BP goes uncontrolled. Most hypertensive patients are seen 2-3 times a year; everything in between is largely invisible.' Discovery vector: 'CNO medical practice' via the unipile_people/title_search channel. Verdict: OFF-TOPIC — neither post nor comment anchors a Cardiowell topic (review before engaging).",Chief Nurse Executive at health system (in-industry buyer),icp_author_personal—personal reflection from an ICP-fit author about Walk a Mile event and leadership in healthcare setting.,"author’s own appreciation and event reflection, not analyst or press-release summary",inline_icp_qualified — icp_scoring skipped,39,1,0,yes,yes
"Run 50ddab70 (RULE 24 + keyword, 2026-05-13 12:16)",6a046ba035904903df6850b1,gate_passed,Lane 2 — Multi-site primary-care medical groups,HIGH,"Ed Kalpas MD, MAS, MPH, CPE, CHCQM, DipABLM","CMO building AI systems that protect clinician cognition in community health | MD, MPH, MAS, MBA candidate | Writing about what actually works at the intersection of AI, primary care, and prevention",Greater Sacramento,,https://www.linkedin.com/in/ekalpas,https://www.linkedin.com/posts/ekalpas_healthequity-clinicalai-diagnosticexcellence-activity-7457806923480989696-AH5W,2026-05-06 15:02:09.910000,VBC,—,CLEAN — post itself anchors a Cardiowell topic,unipile_people,title_search,CMO FQHC,"AI does not fix physician blind spots. It inherits them.

The cause is the same: both learned from the same incomplete data.

Rare disease. The average time to diagnosis is measured in years, not months. The illness script does not exist in the physician's experience and does not exist at sufficient density in the model's training data. Same gap. Different substrate.

Novel presentation. A disease before it has been named. A drug toxicity before the case reports accumulate. A new pathogen in its first months. Neither the physician's memory nor the model's training contains the pattern. Both reach for the closest thing they have seen, which is often wrong.

Patients underrepresented in the data. Dermatology AI shows documented accuracy gaps for darker skin tones across multiple state-of-the-art models. Dermatologists themselves show the same pattern, less extreme. Worst, when the AI assists the physician, the disparity widens rather than closes.

Data deserts are data deserts whether the learner is a transformer or a resident.

Clinical AI will not fix these gaps by default. It will sometimes make them worse, because it is trained on the same biased corpus that trained the physician",,§ 05 ICP Lanes — Lane 2 — Multi-site primary-care medical groups,"§ 03 Signals (MODERATE-HIGH) — 'value-based care', 'MSSP', 'ACO REACH', 'shared savings' signal Lane 6 (ACOs) and Lane 7 (MSOs/clinically integrated networks).",§ 06 Comment Reply Framework Angle 3 — 'go-direct' for explicit advice-seeking posts where the thread invites a product mention. Cardiowell name allowed here.,(no specific § 07 messaging anchor cited in this draft),"Ed Kalpas MD, MAS, MPH, CPE, CHCQM, DipABLM (CMO building AI systems that protect clinician cognition in community health | MD, MPH, MAS, MBA candidate | Writing about what actually works at the intersection of AI, primary care, and prevention, Greater Sacramento) maps to Lane 2 — Multi-site primary-care medical groups [HIGH]. The post itself anchors VBC — a direct topical signal per § 04 Keyword Clusters, so engagement reads as joining an in-progress Cardiowell-relevant conversation rather than a forced pivot. Comment uses 'go-direct' for explicit advice-seeking posts where the thread invites a product mention. Cardiowell name allowed here. Discovery vector: 'CMO FQHC' via the unipile_people/title_search channel. Verdict: CLEAN — post itself anchors a Cardiowell topic.","CMO and MD discussing primary care, prevention, and AI — plausible in-industry buyer",author describes specific shortcomings in clinical AI with examples indicating domain expertise,"author's own critique of AI/clinical bias, not analyst-report summary",inline_icp_qualified — icp_scoring skipped,2,0,0,yes,yes
"Run 50ddab70 (RULE 24 + keyword, 2026-05-13 12:16)",6a046ba035904903df6850b1,gate_passed,"Lane 3 — Specialty groups (cardiology, nephrology) — outpatient",HIGH,"Humayun Naqvi, MD, MBA, FACC",Cardiologist | Physician-Operator | Principal Investigator | Outpatient Cardiology Platform Builder | Clinical Advisor |,Greater Houston,,https://www.linkedin.com/in/humayunaqvi,https://www.linkedin.com/posts/humayunaqvi_4050-of-patients-stop-their-statin-within-activity-7460010048199577600-rHmG,2026-05-12 16:56:35.775000,BP,—,CLEAN — post itself anchors a Cardiowell topic,unipile_people,title_search,Cardiologist outpatient,"40–50% of patients stop their statin within the first year. This is not irrational behavior—it is the predictable output of how the medial prefrontal cortex assigns value to future cardiovascular risk versus present-day side effects and daily hassle.

When patients weigh “my heart in 10 years” against “leg pain today,” the medial PFC often discounts the distant benefit steeply. That is not a knowledge gap. It is a valuation problem. Standard adherence lectures ignore this mechanism and therefore fail.

Effective interventions must change the subjective value calculation: immediate feedback on plaque regression, tangible risk visuals tied to the patient’s own imaging, or reframing the daily pill as protecting something the patient already values highly",,"§ 05 ICP Lanes — Lane 3 — Specialty groups (cardiology, nephrology) — outpatient","§ 03 Signals (HIGHEST intent) — posts mentioning 'uncontrolled hypertension', 'hypertension management', 'BP control' surface Track A clinical buyers actively managing chronic-care panels.","§ 06 Comment Reply Framework Angle 1 — 'validate-and-reframe' for venting posts. Acknowledge the operational pain, reframe through the between-visit-gap lens.",(no specific § 07 messaging anchor cited in this draft),"Humayun Naqvi, MD, MBA, FACC (Cardiologist | Physician-Operator | Principal Investigator | Outpatient Cardiology Platform Builder | Clinical Advisor |, Greater Houston) maps to Lane 3 — Specialty groups (cardiology, nephrology) — outpatient [HIGH]. The post itself anchors BP — a direct topical signal per § 04 Keyword Clusters, so engagement reads as joining an in-progress Cardiowell-relevant conversation rather than a forced pivot. Comment uses 'validate-and-reframe' for venting posts. Acknowledge the operational pain, reframe through the between-visit-gap lens. Discovery vector: 'Cardiologist outpatient' via the unipile_people/title_search channel. Verdict: CLEAN — post itself anchors a Cardiowell topic.",In-industry cardiologist likely to influence RPM purchasing,author provides direct expertise on patient behavior and intervention design in a space relevant to healthcare GTM ICPs,author’s own interpretation of adherence behavior,inline_icp_qualified — icp_scoring skipped,4,1,0,yes,yes
"Run 50ddab70 (RULE 24 + keyword, 2026-05-13 12:16)",6a046ba035904903df6850b1,gate_passed,"Lane 3 — Specialty groups (cardiology, nephrology) — outpatient",HIGH,"Humayun Naqvi, MD, MBA, FACC",Cardiologist | Physician-Operator | Principal Investigator | Outpatient Cardiology Platform Builder | Clinical Advisor |,Greater Houston,,https://www.linkedin.com/in/humayunaqvi,https://www.linkedin.com/posts/humayunaqvi_the-day-you-sell-your-practice-to-private-activity-7459327021597220864-ASsq,2026-05-10 19:42:29.543000,CPT,—,CLEAN — post itself anchors a Cardiowell topic,unipile_people,title_search,Cardiologist outpatient,"There is a spreadsheet somewhere right now with your practice's name on it.

Someone has already run the numbers — your panel size, your ancillary revenue, your real estate, your payer mix.

The only question left is whether you will be the person who decides what happens next, or the person it happens to.

Private equity has acquired more than 5,700 physician practice sites in under a decade. In cardiology specifically, 94.7% of those acquisitions have happened since 2021. The pace is not slowing.

I wrote this week's Physician Operator Manual on what most physicians get wrong about that pitch — not because PE operators are villains, but because the structure of a PE-owned practice can never deliver care that terminates in the patient. Ray Dalio's accountability chain explains why better than any healthcare framework I've read.

Three things in the essay:
→ Why the sellers are not our generation, and what that should tell us
→ The succession pipeline we broke without noticing
→ The window mid-career physicians still have to be the buyer instead of the bought

The day you sell your practice to private equity, you may still be seeing the patients. But you are no longer the doctor of",,"§ 05 ICP Lanes — Lane 3 — Specialty groups (cardiology, nephrology) — outpatient","§ 03 Signals (HIGHEST intent) — posts mentioning CPT 99457/99458/99454, 'remote monitoring reimbursement', or 'uncaptured CPT revenue' indicate Track C finance audiences alert to revenue capture.",§ 06 Comment Reply Framework Angle 3 — 'go-direct' for explicit advice-seeking posts where the thread invites a product mention. Cardiowell name allowed here.,(no specific § 07 messaging anchor cited in this draft),"Humayun Naqvi, MD, MBA, FACC (Cardiologist | Physician-Operator | Principal Investigator | Outpatient Cardiology Platform Builder | Clinical Advisor |, Greater Houston) maps to Lane 3 — Specialty groups (cardiology, nephrology) — outpatient [HIGH]. The post itself anchors CPT — a direct topical signal per § 04 Keyword Clusters, so engagement reads as joining an in-progress Cardiowell-relevant conversation rather than a forced pivot. Comment uses 'go-direct' for explicit advice-seeking posts where the thread invites a product mention. Cardiowell name allowed here. Discovery vector: 'Cardiologist outpatient' via the unipile_people/title_search channel. Verdict: CLEAN — post itself anchors a Cardiowell topic.",cardiologist describing practice management challenges; plausible buyer,"author demonstrates direct expertise in physician practice M&A, provides data and analysis, and points to their own operator-focused content",author’s own critique of private equity in physician practices,inline_icp_qualified — icp_scoring skipped,9,0,0,yes,yes
"Run 50ddab70 (RULE 24 + keyword, 2026-05-13 12:16)",6a046ba035904903df6850b1,gate_passed,"Lane 3 — Specialty groups (cardiology, nephrology) — outpatient",HIGH,"Humayun Naqvi, MD, MBA, FACC",Cardiologist | Physician-Operator | Principal Investigator | Outpatient Cardiology Platform Builder | Clinical Advisor |,Greater Houston,,https://www.linkedin.com/in/humayunaqvi,https://www.linkedin.com/posts/humayunaqvi_cardiology-evidencebasedmedicine-range-activity-7458130856092561409-UbJb,2026-05-07 12:29:21.463000,BP,—,CLEAN — post itself anchors a Cardiowell topic,unipile_people,title_search,Cardiologist outpatient,"I see blocked arteries for a living. That's my job — the diagnostic angiogram, the imaging, the read.

But I don't stent them. I'm an invasive cardiologist, not an interventional one. My handoff to the interventionist is the decision point.

David Epstein's Range has a chapter called ""Learning to Drop Your Familiar Tools"" that forced me to sit with this distinction. He introduces the ""oculostenotic reflex"" — a term coined by cardiologist Eric Topol for the near-autonomic impulse to stent any stenosis you visualize. See a blockage → fix it. The evidence be damned.

The COURAGE trial showed no mortality benefit for PCI over medical therapy in stable CAD. Multiple studies have since confirmed it. Yet thousands of stents are placed annually for stable angina anyway — because the reflex is that powerful.

Then Epstein drops this: A 2015 JAMA study found that high-risk cardiac patients had lower 30-day mortality when admitted during national cardiology meetings — when thousands of cardiologists were away. The likely driver? Fewer procedures. Less intervention.

He connects this to orthopedic sham surgery trials where real knee arthroscopy performed no better than placebo incisions. Same ",,"§ 05 ICP Lanes — Lane 3 — Specialty groups (cardiology, nephrology) — outpatient","§ 03 Signals (HIGHEST intent) — posts mentioning 'uncontrolled hypertension', 'hypertension management', 'BP control' surface Track A clinical buyers actively managing chronic-care panels.",§ 06 Comment Reply Framework Angle 3 — 'go-direct' for explicit advice-seeking posts where the thread invites a product mention. Cardiowell name allowed here.,(no specific § 07 messaging anchor cited in this draft),"Humayun Naqvi, MD, MBA, FACC (Cardiologist | Physician-Operator | Principal Investigator | Outpatient Cardiology Platform Builder | Clinical Advisor |, Greater Houston) maps to Lane 3 — Specialty groups (cardiology, nephrology) — outpatient [HIGH]. The post itself anchors BP — a direct topical signal per § 04 Keyword Clusters, so engagement reads as joining an in-progress Cardiowell-relevant conversation rather than a forced pivot. Comment uses 'go-direct' for explicit advice-seeking posts where the thread invites a product mention. Cardiowell name allowed here. Discovery vector: 'Cardiologist outpatient' via the unipile_people/title_search channel. Verdict: CLEAN — post itself anchors a Cardiowell topic.","cardiologist, likely buyer ICP",direct_expertise,author’s own clinical reflection using studies as supporting evidence,inline_icp_qualified — icp_scoring skipped,113,64,5,yes,yes
"Run 50ddab70 (RULE 24 + keyword, 2026-05-13 12:16)",6a046ba035904903df6850b1,drafted,"Lane 3 — Specialty groups (cardiology, nephrology) — outpatient",HIGH,Raj Khandwalla MD MA FACC,"Medical Director, Digital @ Cedars-Sinai Technology Ventures | Director, Digital Therapeutics @ Smidt Heart Institute | Division Chief, Cardiology @ Cedars-Sinai Medical Group | Cardiologist","Beverly Hills, CA",,https://www.linkedin.com/in/raj-khandwalla-md-ma-facc-47419725,https://www.linkedin.com/posts/raj-khandwalla-md-ma-facc-47419725_savy-20-sc-featured-activity-7460022741874843648-9yMy,2026-05-12 17:47:02.183000,"BP, PRACTICE",BP,CLEAN — post itself anchors a Cardiowell topic,unipile_people,title_search,Director of Digital Health medical group,"Angel City FC defender Savy King’s on-field collapse was a reminder that even elite athletes can face unexpected and serious cardiac conditions. Her recovery is also a reminder of what is possible when a coordinated team comes together quickly around a patient and family.

Just like soccer, cardiovascular care is a team sport. I’m proud of the Cedars-Sinai team that cared for Savy, including Seth Lichtenstein from Cedars-Sinai Medical Group Cardiology, Eli Friedman from the Smidt Heart Institute’s Sports Cardiology Program, Rose Tompkins from the Smidt Heart Institute’s congenital heart program, and Richard W. Kim and Melita Viegas from our congenital cardiac surgery team.

This case reflects the best of multidisciplinary cardiovascular care — bringing together general cardiology, sports cardiology, congenital heart disease, pediatric heart care, cardiac surgery, imaging, critical care, and long-term recovery.

Most importantly, it is wonderful to see Savy focused on healing and looking toward the future.

Grateful to be part of an organization where complex care is delivered through teamwork, expertise, and compassion.

https://lnkd.in/gc9Yp3GN

https://lnkd.in/g-SjsKuF","Multidisciplinary handoffs after an acute cardiac event are one of the quiet failure modes nobody screens for early. The rescue gets the attention, but the next 30 to 90 days are where monitoring, medication changes, rehab, imaging, and family coordination can easily fragment across 5 or more teams. That gap matters because cardiovascular disease still drives about $131B in annual cost, and too much of it shows up after discharge when nobody has a clean view of what is changing between visits. Worth building the follow up operating model as tightly as the acute response, not after the patient leaves the hospital.","§ 05 ICP Lanes — Lane 3 — Specialty groups (cardiology, nephrology) — outpatient","§ 03 Signals (HIGHEST intent) — posts mentioning 'uncontrolled hypertension', 'hypertension management', 'BP control' surface Track A clinical buyers actively managing chronic-care panels.","§ 06 Comment Reply Framework Angle 1 — 'validate-and-reframe' for venting posts. Acknowledge the operational pain, reframe through the between-visit-gap lens.",§ 07 Messaging Anchors — 'The between-visit monitoring gap is the structural reason BP goes uncontrolled. Most hypertensive patients are seen 2-3 times a year; everything in between is largely invisible.',"Raj Khandwalla MD MA FACC (Medical Director, Digital @ Cedars-Sinai Technology Ventures | Director, Digital Therapeutics @ Smidt Heart Institute | Division Chief, Cardiology @ Cedars-Sinai Medical Group | Cardiologist, Beverly Hills, CA) maps to Lane 3 — Specialty groups (cardiology, nephrology) — outpatient [HIGH]. The post itself anchors BP, PRACTICE — a direct topical signal per § 04 Keyword Clusters, so engagement reads as joining an in-progress Cardiowell-relevant conversation rather than a forced pivot. Comment uses 'validate-and-reframe' for venting posts. Acknowledge the operational pain, reframe through the between-visit-gap lens. Anchor cited: § 07 Messaging Anchors — 'The between-visit monitoring gap is the structural reason BP goes uncontrolled. Most hypertensive patients are seen 2-3 times a year; everything in between is largely invisible.' Discovery vector: 'Director of Digital Health medical group' via the unipile_people/title_search channel. Verdict: CLEAN — post itself anchors a Cardiowell topic.",in-industry buyer; Medical Director and Cardiologist at a major health system,direct_expertise,author’s own commentary on a patient case and care team,inline_icp_qualified — icp_scoring skipped,9,1,0,yes,yes
"Run e5db6e23 (KEYWORD-ONLY, 2026-05-13 12:37)",6a047071222bb47a3ed3e38d,drafted,"Lane 3 — Specialty groups (cardiology, nephrology) — outpatient",HIGH,Jay Pandit,Cardiologist & Med-Device Exec | Scaled AI-driven clinical trials & multi-omics | FDA/510(k)/SaMD I Strategic alliances I P&L | GTM | Reimbursement | AI/biomarkers | Cancer Survivor I Human.,"San Diego, California, United States",Northwestern University,https://www.linkedin.com/in/jay-pandit-9489008,https://www.linkedin.com/posts/jay-pandit-9489008_digitalhealth-remotepatientmonitoring-clinicalai-activity-7458263027075792896-pAxa,2026-05-07 21:14:33.481000,"RPM, CPT","RPM, CPT",CLEAN — post itself anchors a Cardiowell topic,tier_1_kw,keyword_topical,remote monitoring reimbursement,"Wearables are closer than ever to becoming a genuine clinical surveillance layer — but the final steps are the hardest ones!

The sensor story is largely written. Multimodal fusion of ECG, PPG, CGM, temperature, and accelerometry, validated against clinical-grade diagnostics, is producing digital biomarkers with real predictive value for arrhythmia, cardiometabolic deterioration, and early sepsis signals in high-risk populations. FDA clearances are accumulating, and the regulatory posture is shifting from reactive alerts toward longitudinal risk stratification.

What remains is a systems problem, not a technology problem.

Wearable data needs to arrive at the point of care — structured, contextualised, and integrated into a clinical decision within the EHR or at the point of care — not buried in a patient app. Remote patient monitoring reimbursement pathways exist but remain fragmented across payers and care settings. And the question of clinical accountability — who owns the alert, who acts on it, within what timeframe — has no clean answer yet!

Cementing wearables into standard care workflows will require clinicians, device manufacturers, data scientists, regulators, and payers ","Workflow integration is one of the quiet failure modes nobody screens for early, because the data can be accurate and still die between the patient app, the inbox, and the chart. The gap shows up when a practice has 20 minutes of clinical time per patient per month to support RPM, but no clear owner for triage, documentation, and escalation, so alerts either pile up or get ignored. Reimbursement matters, but the bigger miss is that groups leave $100 to $120 per patient per month on the table under 99457 and 99458 because the operational loop is not closed. Worth defining alert ownership and EHR writeback before adding another sensor, not after the first 500 patients are live.","§ 05 ICP Lanes — Lane 3 — Specialty groups (cardiology, nephrology) — outpatient","§ 03 Signals (HIGHEST intent) — posts about 'RPM program', 'remote patient monitoring', 'remote BP monitoring' surface operational buyers actively evaluating or running RPM., § 03 Signals (HIGHEST intent) — posts mentioning CPT 99457/99458/99454, 'remote monitoring reimbursement', or 'uncaptured CPT revenue' indicate Track C finance audiences alert to revenue capture.",§ 06 Comment Reply Framework Angle 3 — 'go-direct' for explicit advice-seeking posts where the thread invites a product mention. Cardiowell name allowed here.,"§ 07 Messaging Anchors — '$100-120 per hypertensive patient per month via CPT 99457 and 99458, plus the new 2026 codes 99445 and 99470 that make remote BP reimbursement materially easier to capture.'","Jay Pandit (Cardiologist & Med-Device Exec | Scaled AI-driven clinical trials & multi-omics | FDA/510(k)/SaMD I Strategic alliances I P&L | GTM | Reimbursement | AI/biomarkers | Cancer Survivor I Human., San Diego, California, United States) maps to Lane 3 — Specialty groups (cardiology, nephrology) — outpatient [HIGH]. The post itself anchors RPM, CPT — a direct topical signal per § 04 Keyword Clusters, so engagement reads as joining an in-progress Cardiowell-relevant conversation rather than a forced pivot. Comment uses 'go-direct' for explicit advice-seeking posts where the thread invites a product mention. Cardiowell name allowed here. Anchor cited: § 07 Messaging Anchors — '$100-120 per hypertensive patient per month via CPT 99457 and 99458, plus the new 2026 codes 99445 and 99470 that make remote BP reimbursement materially easier to capture.' Discovery vector: 'remote monitoring reimbursement' via the tier_1_kw/keyword_topical channel. Verdict: CLEAN — post itself anchors a Cardiowell topic.",Cardiologist at large health system; plausible buyer,"direct_expertise—the author details current advancements and challenges in wearable integration for clinical care, with specific references to technology, regulation, and workflow issues relevant to healthcare operators",author's own analysis of wearables adoption barriers,,38,3,4,yes,—
"Run e5db6e23 (KEYWORD-ONLY, 2026-05-13 12:37)",6a047071222bb47a3ed3e38d,drafted,Lane 2 — Multi-site primary-care medical groups,HIGH,Mahmoud Abdelwahab,MD,"Flemington, New Jersey, United States",Capital Health (US),https://www.linkedin.com/in/mahmoud-abdelwahab-a3a72518b,https://www.linkedin.com/posts/mahmoud-abdelwahab-a3a72518b_chiefresident-preventivemedicine-cardiology-activity-7458365080015888384-aU9V,2026-05-08 04:00:04.798000,"BP, PRACTICE",BP,CLEAN — post itself anchors a Cardiowell topic,tier_2_kw,keyword_topical,preventive cardiology,"I’m excited to share that I will be joining the University of Central Florida HCA Internal Medicine Residency Program as a Chief Resident (PGY-4).

I’m incredibly thankful to my mentors and colleagues at Capital Health, whose support and mentorship have been instrumental in shaping my clinical training and academic interests.

This next chapter is a meaningful opportunity to grow as an educator, leader, and physician. I’m particularly looking forward to advancing initiatives in quality improvement and medical education, while continuing to deepen my focus on cardiovascular disease, outcomes research, and preventive cardiology.

Grateful for the journey so far and excited for what’s ahead.

#ChiefResident #PreventiveMedicine #Cardiology #AcademicMedicine #InternalMedicine #Leadership #MedicalEducation","Chief residency is one of the quiet failure modes nobody screens for early, because it decides whether quality improvement gets taught as a checkbox or as a real operating system for patient follow up. In cardiometabolic care, the gap usually shows up between visits, where BP is uncontrolled in roughly 76% of hypertensive Americans and the signal gets missed until the next appointment. The programs that move outcomes tend to train residents to measure what happens in the 30 days after discharge or med change, not just what gets documented in clinic. Worth building that feedback loop into the residency year early, not after the QI projects are already chosen.",§ 05 ICP Lanes — Lane 2 — Multi-site primary-care medical groups,"§ 03 Signals (HIGHEST intent) — posts mentioning 'uncontrolled hypertension', 'hypertension management', 'BP control' surface Track A clinical buyers actively managing chronic-care panels.",§ 06 Comment Reply Framework Angle 3 — 'go-direct' for explicit advice-seeking posts where the thread invites a product mention. Cardiowell name allowed here.,§ 07 Messaging Anchors — 'The between-visit monitoring gap is the structural reason BP goes uncontrolled. Most hypertensive patients are seen 2-3 times a year; everything in between is largely invisible.',"Mahmoud Abdelwahab (MD, Flemington, New Jersey, United States) maps to Lane 2 — Multi-site primary-care medical groups [HIGH]. The post itself anchors BP, PRACTICE — a direct topical signal per § 04 Keyword Clusters, so engagement reads as joining an in-progress Cardiowell-relevant conversation rather than a forced pivot. Comment uses 'go-direct' for explicit advice-seeking posts where the thread invites a product mention. Cardiowell name allowed here. Anchor cited: § 07 Messaging Anchors — 'The between-visit monitoring gap is the structural reason BP goes uncontrolled. Most hypertensive patients are seen 2-3 times a year; everything in between is largely invisible.' Discovery vector: 'preventive cardiology' via the tier_2_kw/keyword_topical channel. Verdict: CLEAN — post itself anchors a Cardiowell topic.",In-industry physician with cardiology and internal medicine focus,career update from an author in the ICP (healthcare/academic medicine) space,"personal career update, not analyst or press-release summary",,77,16,0,yes,—
"Run e5db6e23 (KEYWORD-ONLY, 2026-05-13 12:37)",6a047071222bb47a3ed3e38d,drafted,Lane 2 — Multi-site primary-care medical groups,HIGH,"Mandeep Acharya, M.D.","Primary Care Physician / Board Certified Internist at Texas Primary Care Specialists, PLLC","Frisco, Texas, United States","Texas Primary Care Specialists, PLLC",https://www.linkedin.com/in/mandeep-acharya-m-d-58722013,https://www.linkedin.com/posts/mandeep-acharya-m-d-58722013_lunoxymedical-integratedcare-physicianled-activity-7459942984084557824-lLeT,2026-05-12 12:30:06.444000,"BP, PRACTICE","BP, CPT",CLEAN — post itself anchors a Cardiowell topic,tier_1_kw,keyword_topical,blood pressure management,"Why We Integrated Urgent Care With Primary Care

Lunoxy Medical | Physician‑Led. Patient‑Centered. Integrated Care

At Lunoxy Medical, our mission is to build a vertically integrated, physician‑led healthcare platform that improves access, continuity, patient experience, and outcomes, while reducing unnecessary utilization.

Why this matters: the data
• ~34% of ER visits are avoidable and could be managed safely in urgent care settings
• ER visits cost $1,500–$3,000, compared to $150–$350 for urgent care
• >70% of chest pain ED visits are discharged with non‑cardiac diagnoses
• Continuity of care reduces readmissions by ~16%
• Urgent care has >90% patient satisfaction, driven by shorter waits and convenient access

What integration looks like in practice:
An established adult patient presented to our Lunoxy Medical urgent care in Frisco, Texas with non‑specific chest discomfort and elevated blood pressure.

Because this patient was already within our integrated ecosystem, our team had immediate access to: 
• Longitudinal medical history
• Prior cardiac workups and specialist involvement
• Baseline diagnostics and medication history

Evaluation showed stable findings consistent with","Integrated urgent care is one of the quiet failure modes nobody screens for early, because the visit gets captured but the between visit hypertension risk often does not. The expensive miss is not just the avoidable ED transfer, it is the 30 days after discharge when BP is still uncontrolled, meds are changing, and nobody has enough home data to know who is drifting back toward another acute visit. With roughly 120 million hypertensive Americans and only about 24% controlled, the operators who win in this model are the ones who turn urgent care handoffs into monitored follow up and documented clinical time, not just a warm PCP callback. Worth building that post urgent care BP pathway before volume scales, not after readmissions and lost CPT 99457 and 99458 revenue show up in the P and L.",§ 05 ICP Lanes — Lane 2 — Multi-site primary-care medical groups,"§ 03 Signals (HIGHEST intent) — posts mentioning 'uncontrolled hypertension', 'hypertension management', 'BP control' surface Track A clinical buyers actively managing chronic-care panels.","§ 06 Comment Reply Framework Angle 1 — 'validate-and-reframe' for venting posts. Acknowledge the operational pain, reframe through the between-visit-gap lens.","§ 07 Messaging Anchors — '$100-120 per hypertensive patient per month via CPT 99457 and 99458, plus the new 2026 codes 99445 and 99470 that make remote BP reimbursement materially easier to capture.'","Mandeep Acharya, M.D. (Primary Care Physician / Board Certified Internist at Texas Primary Care Specialists, PLLC, Frisco, Texas, United States) maps to Lane 2 — Multi-site primary-care medical groups [HIGH]. The post itself anchors BP, PRACTICE — a direct topical signal per § 04 Keyword Clusters, so engagement reads as joining an in-progress Cardiowell-relevant conversation rather than a forced pivot. Comment uses 'validate-and-reframe' for venting posts. Acknowledge the operational pain, reframe through the between-visit-gap lens. Anchor cited: § 07 Messaging Anchors — '$100-120 per hypertensive patient per month via CPT 99457 and 99458, plus the new 2026 codes 99445 and 99470 that make remote BP reimbursement materially easier to capture.' Discovery vector: 'blood pressure management' via the tier_1_kw/keyword_topical channel. Verdict: CLEAN — post itself anchors a Cardiowell topic.",Primary care physician at in-practice medical group (target buyer),"direct_expertise—the author details their own integrated care model, supporting data, and operational practices in a relevant healthcare provider context.","author’s own care model and example, with stats only as supporting context",,2,1,0,yes,—
"Run 50ddab70 (RULE 24 + keyword, 2026-05-13 12:16)",6a046ba035904903df6850b1,drafted,"Lane 3 — Specialty groups (cardiology, nephrology) — outpatient",HIGH,"Humayun Naqvi, MD, MBA, FACC",Cardiologist | Physician-Operator | Principal Investigator | Outpatient Cardiology Platform Builder | Clinical Advisor |,Greater Houston,,https://www.linkedin.com/in/humayunaqvi,https://www.linkedin.com/posts/humayunaqvi_2docs1mic-aidiagnostics-healthcareai-activity-7459606332610949121-AUsX,2026-05-11 14:12:22.478000,—,"BP, VBC",FORCED — comment grafts Cardiowell anchor onto unrelated post (lower-fidelity engagement),unipile_people,title_search,Cardiologist outpatient,"The debate isn't *if* AI transforms clinical diagnostics, but *how* we mitigate its inherent biases. AI's prowess in pattern recognition, from radiology to pathology, promises unprecedented speed and accuracy in identifying subtle disease markers. This mechanism will undoubtedly lead to earlier diagnoses and more precise treatment pathways. However, the models are only as unbiased as the data they're trained on. If our datasets reflect existing healthcare disparities, AI will merely amplify them, embedding systemic inequities into the very fabric of future medicine. Physician oversight isn't just about ethical review; it's about understanding the data provenance and the potential for algorithmic harm. Are we prepared to scrutinize AI's 'evidence' as rigorously as we do human judgment? Listen to our deep dive on EP 22 - The AI Paradox: Debating a Future We Can't Control? at https://2docs1mic.com.

#2Docs1Mic #AIDiagnostics #HealthcareAI #AlgorithmicBias

https://2docs1mic.com

https://lnkd.in/gA8fFGBD","Data provenance is one of the quiet failure modes nobody screens for early in clinical AI, and that is usually where bias gets laundered into something that looks objective. A model can post impressive sensitivity in development and still fail patients if the training set underrepresents the exact populations already carrying the heaviest burden, like hypertension where roughly 120 million Americans are affected and only about 24% are controlled. The harder operational question is not whether physicians stay in the loop, it is whether anyone can trace which patient cohorts, sites, and labeling decisions shaped the output before it reaches workflow. Worth building cohort level audit trails before model deployment, not after the first false sense of accuracy sets in.","§ 05 ICP Lanes — Lane 3 — Specialty groups (cardiology, nephrology) — outpatient","§ 03 Signals (HIGHEST intent) — posts mentioning 'uncontrolled hypertension', 'hypertension management', 'BP control' surface Track A clinical buyers actively managing chronic-care panels., § 03 Signals (MODERATE-HIGH) — 'value-based care', 'MSSP', 'ACO REACH', 'shared savings' signal Lane 6 (ACOs) and Lane 7 (MSOs/clinically integrated networks).",§ 06 Comment Reply Framework Angle 3 — 'go-direct' for explicit advice-seeking posts where the thread invites a product mention. Cardiowell name allowed here.,§ 07 Messaging Anchors — 'Approximately 120 million Americans have hypertension. Only about 24 percent have BP under control. Uncontrolled hypertension costs the US healthcare system about $131 billion per year.',"Humayun Naqvi, MD, MBA, FACC (Cardiologist | Physician-Operator | Principal Investigator | Outpatient Cardiology Platform Builder | Clinical Advisor |, Greater Houston) maps to Lane 3 — Specialty groups (cardiology, nephrology) — outpatient [HIGH]. The post does not anchor Cardiowell topics directly, but the drafted comment pivots to BP, VBC — a forced-anchor engagement. Review the post in-thread before posting; consider commenting in a tone closer to § 06 CR Framework Angle 1 (validate-and-reframe) rather than dropping the stat. Comment uses 'go-direct' for explicit advice-seeking posts where the thread invites a product mention. Cardiowell name allowed here. Anchor cited: § 07 Messaging Anchors — 'Approximately 120 million Americans have hypertension. Only about 24 percent have BP under control. Uncontrolled hypertension costs the US healthcare system about $131 billion per year.' Discovery vector: 'Cardiologist outpatient' via the unipile_people/title_search channel. Verdict: FORCED — comment grafts Cardiowell anchor onto unrelated post (lower-fidelity engagement).",likely decision-maker in outpatient cardiology,Author discusses AI's impact on diagnostics and bias mitigation in healthcare; post demonstrates adjacent expertise and touches on the operator's product space.,author's own commentary on AI bias in diagnostics,inline_icp_qualified — icp_scoring skipped,2,0,0,yes,yes
"Run 50ddab70 (RULE 24 + keyword, 2026-05-13 12:16)",6a046ba035904903df6850b1,drafted,Lane 2 — Multi-site primary-care medical groups,HIGH,"Ed Kalpas MD, MAS, MPH, CPE, CHCQM, DipABLM","CMO building AI systems that protect clinician cognition in community health | MD, MPH, MAS, MBA candidate | Writing about what actually works at the intersection of AI, primary care, and prevention",Greater Sacramento,,https://www.linkedin.com/in/ekalpas,https://www.linkedin.com/posts/ekalpas_clinicalai-physicianleadership-medicaleducation-activity-7458531774072131585-ECLX,2026-05-08 15:02:27.758000,—,—,OFF-TOPIC — neither post nor comment anchors a Cardiowell topic (review before engaging),unipile_people,title_search,CMO FQHC,"AI does not make physicians better at diagnosis.

Trained physicians using AI do.

Two randomized trials. One found no benefit. The other found a substantial one. The variable was training.

The Goh trial, published in JAMA Network Open in late 2024, found that physicians given an AI tool performed no better than physicians without one. The AI working alone outperformed both physician groups.

The Qazi trial, published in Nature Health in 2026, took its physicians through a structured AI-literacy curriculum BEFORE the study began. After the curriculum, physicians randomized to AI access showed a substantial improvement in diagnostic reasoning over controls.

AI will not surpass physicians at diagnosis as long as calibration against patient outcomes requires a feedback loop that deployed models do not have. Clinicians refine their illness scripts every time a biopsy, follow-up, or outcome proves them right or wrong. Deployed models never see that correction. That gap is structural.

The AI alone can still beat physicians on benchmark tasks because benchmark tasks do not require calibrated uncertainty.

The hybrid, however, is not automatically better than either. In the Goh trial th","Where AI assisted diagnosis usually breaks down is the handoff from benchmark accuracy to bedside calibration, because the model never sees the biopsy result, follow up course, or missed diagnosis that teaches a physician what to trust next time. That is why two trials can point in opposite directions, one tested tool access and the other tested whether clinicians had a structured way to adjudicate disagreement before using the tool. The useful metric is not top line accuracy, it is how often AI changed the differential and whether that change was later confirmed by outcomes in 30, 90, or 180 days. Worth building the outcome feedback loop before scaling AI use across a physician group, not after adoption data looks encouraging.",§ 05 ICP Lanes — Lane 2 — Multi-site primary-care medical groups,(no specific HIGHEST-intent signal — engagement leans on lane fit and ICP rubric),§ 06 Comment Reply Framework Angle 3 — 'go-direct' for explicit advice-seeking posts where the thread invites a product mention. Cardiowell name allowed here.,§ 07 Messaging Anchors — 'The between-visit monitoring gap is the structural reason BP goes uncontrolled. Most hypertensive patients are seen 2-3 times a year; everything in between is largely invisible.',"Ed Kalpas MD, MAS, MPH, CPE, CHCQM, DipABLM (CMO building AI systems that protect clinician cognition in community health | MD, MPH, MAS, MBA candidate | Writing about what actually works at the intersection of AI, primary care, and prevention, Greater Sacramento) maps to Lane 2 — Multi-site primary-care medical groups [HIGH]. Neither post nor comment surfaces a Cardiowell topical anchor. This is the weakest-fidelity entry in the set — likely the gate accepted the author's in-industry profile despite the post being off-topic. Manual review recommended. Comment uses 'go-direct' for explicit advice-seeking posts where the thread invites a product mention. Cardiowell name allowed here. Anchor cited: § 07 Messaging Anchors — 'The between-visit monitoring gap is the structural reason BP goes uncontrolled. Most hypertensive patients are seen 2-3 times a year; everything in between is largely invisible.' Discovery vector: 'CMO FQHC' via the unipile_people/title_search channel. Verdict: OFF-TOPIC — neither post nor comment anchors a Cardiowell topic (review before engaging).",possible in-industry buyer; CMO discussing AI in community health,"author analyzes two trials in clinical AI/physician diagnosis, showing direct expertise in the ICP space",author uses studies as support for an original argument about AI-training bottlenecks,inline_icp_qualified — icp_scoring skipped,5,3,1,yes,yes
"Run 50ddab70 (RULE 24 + keyword, 2026-05-13 12:16)",6a046ba035904903df6850b1,gate_passed,Lane 2 — Multi-site primary-care medical groups,HIGH,"Ed Kalpas MD, MAS, MPH, CPE, CHCQM, DipABLM","CMO building AI systems that protect clinician cognition in community health | MD, MPH, MAS, MBA candidate | Writing about what actually works at the intersection of AI, primary care, and prevention",Greater Sacramento,,https://www.linkedin.com/in/ekalpas,https://www.linkedin.com/posts/ekalpas_clinicalai-medicaleducation-diagnosticreasoning-activity-7458169413888884737-GLce,2026-05-07 15:02:34.358000,—,—,OFF-TOPIC — neither post nor comment anchors a Cardiowell topic (review before engaging),unipile_people,title_search,CMO FQHC,"Physicians with an AI assistant did not diagnose better than physicians without one.

The AI alone beat both groups.

Goh and colleagues named this in JAMA Network Open in late 2024. Two years later, most clinical AI deployments still assume the opposite. The hybrid did not just fail to help. The hybrid underperformed the model working alone.

This is the hybrid trap. Adding AI to a physician does not automatically make the physician better. Physician plus AI is not automatically safer than either alone. In this trial it was the opposite.

When two diagnostic engines disagree, someone has to adjudicate. Physicians were never trained to do that. They were trained to consult colleagues whose track record they know, read the chart, and trust their own clinical sense. A tool that produces a confident answer with a fluent explanation does not fit that frame.

What you see instead: anchoring on the AI output, cognitive offloading, deferred responsibility, confidence collapse when the AI disagrees and the physician cannot tell who is closer to right.

The AI in this trial was often right. The failure was in how the human used it.

You cannot drop a second opinion into a clinic and assume ",,§ 05 ICP Lanes — Lane 2 — Multi-site primary-care medical groups,(no specific HIGHEST-intent signal — engagement leans on lane fit and ICP rubric),§ 06 Comment Reply Framework Angle 3 — 'go-direct' for explicit advice-seeking posts where the thread invites a product mention. Cardiowell name allowed here.,(no specific § 07 messaging anchor cited in this draft),"Ed Kalpas MD, MAS, MPH, CPE, CHCQM, DipABLM (CMO building AI systems that protect clinician cognition in community health | MD, MPH, MAS, MBA candidate | Writing about what actually works at the intersection of AI, primary care, and prevention, Greater Sacramento) maps to Lane 2 — Multi-site primary-care medical groups [HIGH]. Neither post nor comment surfaces a Cardiowell topical anchor. This is the weakest-fidelity entry in the set — likely the gate accepted the author's in-industry profile despite the post being off-topic. Manual review recommended. Comment uses 'go-direct' for explicit advice-seeking posts where the thread invites a product mention. Cardiowell name allowed here. Discovery vector: 'CMO FQHC' via the unipile_people/title_search channel. Verdict: OFF-TOPIC — neither post nor comment anchors a Cardiowell topic (review before engaging).",CMO in primary care / community health in-target ICP,"analysis of clinical AI deployment effectiveness with specific reference to recent research in the healthcare domain, likely operator's ICP space","author’s own critique of AI-human diagnostic workflow, with a brief study reference",inline_icp_qualified — icp_scoring skipped,0,0,0,yes,yes
"Run 50ddab70 (RULE 24 + keyword, 2026-05-13 12:16)",6a046ba035904903df6850b1,gate_passed,"Lane 3 — Specialty groups (cardiology, nephrology) — outpatient",HIGH,"Humayun Naqvi, MD, MBA, FACC",Cardiologist | Physician-Operator | Principal Investigator | Outpatient Cardiology Platform Builder | Clinical Advisor |,Greater Houston,,https://www.linkedin.com/in/humayunaqvi,https://www.linkedin.com/posts/humayunaqvi_medicaleducation-physicianleadership-antifragility-activity-7459222076034449408-CXV6,2026-05-10 12:45:28.571000,—,—,OFF-TOPIC — neither post nor comment anchors a Cardiowell topic (review before engaging),unipile_people,title_search,Cardiologist outpatient,"We spend 10-15 years training physicians to operate inside a system.

Zero years training them to evaluate whether that system is worth operating inside.

Dalio would call this a failure of radical transparency — we never show trainees how the financial and power architecture actually works.

Taleb would call it fragility by design — practitioners with no ownership stake, no upside, and unlimited downside exposure.

The most important question a resident isn't asked:

""If you owned this practice, would you run it this way?""

That question changes everything. It forces mechanism-level thinking. It forces skin-in-the-game consciousness before the contracts are signed.

The physicians reshaping healthcare delivery right now aren't the ones who optimized best within the system.

They're the ones who asked that question early enough to do something about it.

#MedicalEducation #PhysicianLeadership #Antifragility #PracticeOwnership #Operator

https://lnkd.in/gA8fFGBD",,"§ 05 ICP Lanes — Lane 3 — Specialty groups (cardiology, nephrology) — outpatient",(no specific HIGHEST-intent signal — engagement leans on lane fit and ICP rubric),§ 06 Comment Reply Framework Angle 3 — 'go-direct' for explicit advice-seeking posts where the thread invites a product mention. Cardiowell name allowed here.,(no specific § 07 messaging anchor cited in this draft),"Humayun Naqvi, MD, MBA, FACC (Cardiologist | Physician-Operator | Principal Investigator | Outpatient Cardiology Platform Builder | Clinical Advisor |, Greater Houston) maps to Lane 3 — Specialty groups (cardiology, nephrology) — outpatient [HIGH]. Neither post nor comment surfaces a Cardiowell topical anchor. This is the weakest-fidelity entry in the set — likely the gate accepted the author's in-industry profile despite the post being off-topic. Manual review recommended. Comment uses 'go-direct' for explicit advice-seeking posts where the thread invites a product mention. Cardiowell name allowed here. Discovery vector: 'Cardiologist outpatient' via the unipile_people/title_search channel. Verdict: OFF-TOPIC — neither post nor comment anchors a Cardiowell topic (review before engaging).","Practitioner-shaped, cardiologist, fits target ICP","direct_expertise—the post demonstrates insight into medical education/practice from an operator's perspective, raising systemic issues and mechanisms.",author’s own critique of physician training and incentives,inline_icp_qualified — icp_scoring skipped,15,0,0,yes,yes
"Run 50ddab70 (RULE 24 + keyword, 2026-05-13 12:16)",6a046ba035904903df6850b1,gate_passed,"Lane 3 — Specialty groups (cardiology, nephrology) — outpatient",HIGH,"Humayun Naqvi, MD, MBA, FACC",Cardiologist | Physician-Operator | Principal Investigator | Outpatient Cardiology Platform Builder | Clinical Advisor |,Greater Houston,,https://www.linkedin.com/in/humayunaqvi,https://www.linkedin.com/posts/humayunaqvi_2docs1mic-physicianleadership-healthcaresystems-activity-7457791618390155265-wMgk,2026-05-06 14:01:20.892000,—,—,OFF-TOPIC — neither post nor comment anchors a Cardiowell topic (review before engaging),unipile_people,title_search,Cardiologist outpatient,"The evolution of plastic surgery training isn't merely an academic debate; it's a direct reflection of market forces shaping physician supply, specialty access, and patient outcomes.

Dr. Janak Parikh's journey through general surgery before specializing in plastics illuminates a critical shift: the integrated residency model. While designed for efficiency, this shift can inadvertently narrow the foundational exposure of emerging specialists. As physician-operators, we must ask: does a streamlined path, focused on a specific endpoint, risk producing practitioners with a less comprehensive understanding of broader surgical principles? This impacts referral patterns, the complexity of cases taken on, and ultimately, the standard of care. Understanding these systemic changes in training is vital for healthcare leaders navigating workforce planning and ensuring quality across specialties.

Are we optimizing for efficiency in training at the expense of comprehensive foundational knowledge, and what are the long-term implications for patient care and the healthcare ecosystem?

#2Docs1Mic #PhysicianLeadership #HealthcareSystems #MedicalTraining

https://lnkd.in/gA8fFGBD",,"§ 05 ICP Lanes — Lane 3 — Specialty groups (cardiology, nephrology) — outpatient",(no specific HIGHEST-intent signal — engagement leans on lane fit and ICP rubric),§ 06 Comment Reply Framework Angle 3 — 'go-direct' for explicit advice-seeking posts where the thread invites a product mention. Cardiowell name allowed here.,(no specific § 07 messaging anchor cited in this draft),"Humayun Naqvi, MD, MBA, FACC (Cardiologist | Physician-Operator | Principal Investigator | Outpatient Cardiology Platform Builder | Clinical Advisor |, Greater Houston) maps to Lane 3 — Specialty groups (cardiology, nephrology) — outpatient [HIGH]. Neither post nor comment surfaces a Cardiowell topical anchor. This is the weakest-fidelity entry in the set — likely the gate accepted the author's in-industry profile despite the post being off-topic. Manual review recommended. Comment uses 'go-direct' for explicit advice-seeking posts where the thread invites a product mention. Cardiowell name allowed here. Discovery vector: 'Cardiologist outpatient' via the unipile_people/title_search channel. Verdict: OFF-TOPIC — neither post nor comment anchors a Cardiowell topic (review before engaging).",Cardiologist likely decision-maker in target medical practice,"direct_expertise—the author discusses medical training models and implications from an insider's perspective, relevant to the ICP (healthcare leadership) with clear industry insights.","author’s own commentary on training model shift, not analyst-report summary",inline_icp_qualified — icp_scoring skipped,5,0,0,yes,yes
"Run 50ddab70 (RULE 24 + keyword, 2026-05-13 12:16)",6a046ba035904903df6850b1,drafted,"Lane 6 — ACOs (MSSP, ACO REACH)",VBC,"Padmaja Patel, MD, FACP, FACLM, DipABLM, CPE","Physician Executive | Translating Lifestyle Medicine into Policy, Payment & Market Strategy | Board President, ACLM | CMO, Nudj Health",Midland-Odessa Area,,https://www.linkedin.com/in/padmaja-patel-md-facp-faclm-dipablm-cpe-0197961a6,https://www.linkedin.com/posts/padmaja-patel-md-facp-faclm-dipablm-cpe-0197961a6_txaacos-valuebasedcare-lifestylemedicine-activity-7458142714556243968-NV09,2026-05-07 13:16:28.741000,VBC,"BP, CPT, VBC",CLEAN — post itself anchors a Cardiowell topic,unipile_people,title_search,VP of Product medical practice,"The future of ACO success is being written right now, and it's not just about coding accuracy or risk adjustment.

Spent this week with #TXAACOS members and was honored to join a panel on what it actually takes to move the needle on outcomes for polychronic Medicare populations.

A few things I won't stop saying:

→ ACOs that don't operationalize lifestyle medicine are leaving outcomes — and shared savings — on the table.

→ MAHA ELEVATE, ACCESS, LEAD, and other models are signaling where CMS is heading. ACOs paying attention now will be ahead of the curve in 2027 and beyond.

The conversations I had with ACO operators, CMOs, and population health leaders this week reinforced what we're seeing on the field: when you embed evidence-based lifestyle medicine into a team-based care model, you don't just hit quality measures, you change trajectories.

Grateful to Nicole Bradberry for the invitation and my fellow panelists, Archana Gupta and Sam Choudhary, for the spirited dialogue. The work continues.

#ValueBasedCare #LifestyleMedicine #ACOs #MedicareInnovation #ELEVATE","Lifestyle medicine inside ACO operations is the cleanest test of whether value based care can actually change day to day management for polychronic Medicare patients, because coding lift without between visit behavior and biometric follow through rarely moves outcomes. The gap usually shows up between visits, where hypertension control stalls, only about 24% of the 120 million Americans with hypertension are controlled, and the downstream cost burden is already around $131 billion a year. The operators that win tend to separate education from monitoring and track which patients generated a real care team touchpoint, because that 20 minutes per patient per month is where both outcomes and reimbursement start to compound. Worth building the between visit workflow before 2027 model pressure forces it, not after shared savings misses make the case for you.","§ 05 ICP Lanes — Lane 6 — ACOs (MSSP, ACO REACH)","§ 03 Signals (MODERATE-HIGH) — 'value-based care', 'MSSP', 'ACO REACH', 'shared savings' signal Lane 6 (ACOs) and Lane 7 (MSOs/clinically integrated networks).",§ 06 Comment Reply Framework Angle 2 — 'add-a-data-point' for industry news or Medicare updates. Drop the 120M/24%/$131B stat or the $100-120/patient/month CPT capture.,§ 07 Messaging Anchors — 'Approximately 120 million Americans have hypertension. Only about 24 percent have BP under control. Uncontrolled hypertension costs the US healthcare system about $131 billion per year.',"Padmaja Patel, MD, FACP, FACLM, DipABLM, CPE (Physician Executive | Translating Lifestyle Medicine into Policy, Payment & Market Strategy | Board President, ACLM | CMO, Nudj Health, Midland-Odessa Area) maps to Lane 6 — ACOs (MSSP, ACO REACH) [VBC]. The post itself anchors VBC — a direct topical signal per § 04 Keyword Clusters, so engagement reads as joining an in-progress Cardiowell-relevant conversation rather than a forced pivot. Comment uses 'add-a-data-point' for industry news or Medicare updates. Drop the 120M/24%/$131B stat or the $100-120/patient/month CPT capture. Anchor cited: § 07 Messaging Anchors — 'Approximately 120 million Americans have hypertension. Only about 24 percent have BP under control. Uncontrolled hypertension costs the US healthcare system about $131 billion per year.' Discovery vector: 'VP of Product medical practice' via the unipile_people/title_search channel. Verdict: CLEAN — post itself anchors a Cardiowell topic.",company is a healthcare vendor (Nudj Health) selling services to ACOs,direct_expertise,author's own event take and opinion on ACO strategy,inline_icp_qualified — icp_scoring skipped,43,2,2,yes,yes
"Run e5db6e23 (KEYWORD-ONLY, 2026-05-13 12:37)",6a047071222bb47a3ed3e38d,drafted,"Lane 6 — ACOs (MSSP, ACO REACH)",VBC,"Kamal Sewaralthahab, MD, NEP, CMD",Nephrologist | President at Synergy Medical Group,Washington DC-Baltimore Area,SMG Renal,https://www.linkedin.com/in/kamal-sewaralthahab-md-nep-cmd-777696294,https://www.linkedin.com/posts/kamal-sewaralthahab-md-nep-cmd-777696294_somewhere-right-now-a-patient-is-being-discharged-activity-7458840635266027520-kN4M,2026-05-09 11:29:46.005000,VBC,BP,CLEAN — post itself anchors a Cardiowell topic,tier_2_kw,keyword_topical,ACO REACH,"Somewhere right now, a patient is being discharged from the hospital with a follow-up appointment scheduled three weeks out.

Complex. Diabetic, heart failure, post-surgical. Maybe they live alone. Maybe they can’t drive. They won’t make that appointment. And within 30 days, there’s a real chance they’re back in the ER.

This is the gap that costs the healthcare system hundreds of millions of dollars annually and more importantly, it costs patients their health.

CMS knows it. The new LEAD Model explicitly targets homebound and high-severity patients, giving providers the flexibility to check in regularly and coordinate care between visits, not just during them. The TEAM Model, now live, holds hospitals financially accountable for outcomes 30 days post-discharge. The message is unambiguous: seamless care across the full continuum is no longer optional. It’s the model.

We’ve spent years building exactly this a fully integrated, multi-specialty group present at every stop on a patient’s journey, not as separate referral relationships, but as one coordinated clinical team.

And now we’re taking the next step. Meeting patients where the healthcare system has always struggled to reach ","The 30 day post discharge gap is one of the quiet failure modes nobody screens for early. The patient is technically “covered” by a follow up plan, but clinically unmanaged for 21 days, and that is exactly where meds change, BP drifts, volume status worsens, and the readmission clock starts. TEAM makes the cost visible, but the operational miss is still between visit monitoring and outreach capacity, especially for homebound patients who will never show up reliably in clinic. Worth building the 20 minute per patient per month workflow before the first discharge cohort rolls through, not after readmissions expose where the handoff broke.","§ 05 ICP Lanes — Lane 6 — ACOs (MSSP, ACO REACH)","§ 03 Signals (MODERATE-HIGH) — 'value-based care', 'MSSP', 'ACO REACH', 'shared savings' signal Lane 6 (ACOs) and Lane 7 (MSOs/clinically integrated networks).",§ 06 Comment Reply Framework Angle 2 — 'add-a-data-point' for industry news or Medicare updates. Drop the 120M/24%/$131B stat or the $100-120/patient/month CPT capture.,§ 07 Messaging Anchors — 'The between-visit monitoring gap is the structural reason BP goes uncontrolled. Most hypertensive patients are seen 2-3 times a year; everything in between is largely invisible.',"Kamal Sewaralthahab, MD, NEP, CMD (Nephrologist | President at Synergy Medical Group, Washington DC-Baltimore Area) maps to Lane 6 — ACOs (MSSP, ACO REACH) [VBC]. The post itself anchors VBC — a direct topical signal per § 04 Keyword Clusters, so engagement reads as joining an in-progress Cardiowell-relevant conversation rather than a forced pivot. Comment uses 'add-a-data-point' for industry news or Medicare updates. Drop the 120M/24%/$131B stat or the $100-120/patient/month CPT capture. Anchor cited: § 07 Messaging Anchors — 'The between-visit monitoring gap is the structural reason BP goes uncontrolled. Most hypertensive patients are seen 2-3 times a year; everything in between is largely invisible.' Discovery vector: 'ACO REACH' via the tier_2_kw/keyword_topical channel. Verdict: CLEAN — post itself anchors a Cardiowell topic.","in-industry buyer (nephrologist, medical group president)",direct_expertise—the author describes building an integrated clinical team addressing the CMS LEAD/TEAM models and care continuity problem in healthcare.,author’s own care-continuum perspective with CMS models as supporting context,,45,5,2,yes,—
"Run 50ddab70 (RULE 24 + keyword, 2026-05-13 12:16)",6a046ba035904903df6850b1,gate_passed,"Lane 8 — Hospital finance / RCM offices (CFO, VP RCM)",FINANCE,John Webb,"John Webb MD, DC, MBA, MPH - Occupational Medicine Physician | Workers’ Comp & Concussion Specialist | IME & Expert Witness | Founder, OccMedMD & HealthFirst-STL | Functional & Longevity Medicine","St Louis, MO",,https://www.linkedin.com/in/john-webb-md,https://www.linkedin.com/posts/john-webb-md_the-future-of-work-has-a-doctor-in-it-heres-activity-7460282720984944640-yzFV,2026-05-13 11:00:06.033000,BP,—,CLEAN — post itself anchors a Cardiowell topic,unipile_people,title_search,Family Medicine physician small group,"The Future of Work Has a Doctor in It

Here's the world the next decade is going to deliver to employers, and the role of the corporate medical director (CMD) in each of it.

AI in healthcare will keep accelerating. Within a few years, every benefits decision your company makes will involve AI-driven utilization management, AI clinical decision tools in your medical plan, and AI-mediated mental health support. Some will be excellent. Some quietly terrible. Companies with a CMD evaluating and governing these tools will use them well. The rest will be passengers on someone else's algorithm.

The aging workforce will keep aging. That means more chronic disease, cancer screening, cognitive concerns, musculoskeletal complaints, medication interactions, cardiac events, and deaths at work. Everyone is a CMD problem before anyone else's.

GLP-1s, biologics, and the coming wave of metabolic and behavioral medications will keep reshaping benefits design. The decisions your team is making about GLP-1 coverage alone will redirect tens of millions in spend over five years. Those are clinical decisions in actuarial clothing. They need strong physician leadership.

Mental health and substance use",,"§ 05 ICP Lanes — Lane 8 — Hospital finance / RCM offices (CFO, VP RCM)","§ 03 Signals (HIGHEST intent) — posts mentioning 'uncontrolled hypertension', 'hypertension management', 'BP control' surface Track A clinical buyers actively managing chronic-care panels.","§ 06 Comment Reply Framework Angle 1 — 'validate-and-reframe' for venting posts. Acknowledge the operational pain, reframe through the between-visit-gap lens.",(no specific § 07 messaging anchor cited in this draft),"John Webb (John Webb MD, DC, MBA, MPH - Occupational Medicine Physician | Workers’ Comp & Concussion Specialist | IME & Expert Witness | Founder, OccMedMD & HealthFirst-STL | Functional & Longevity Medicine, St Louis, MO) maps to Lane 8 — Hospital finance / RCM offices (CFO, VP RCM) [FINANCE]. The post itself anchors BP — a direct topical signal per § 04 Keyword Clusters, so engagement reads as joining an in-progress Cardiowell-relevant conversation rather than a forced pivot. Comment uses 'validate-and-reframe' for venting posts. Acknowledge the operational pain, reframe through the between-visit-gap lens. Discovery vector: 'Family Medicine physician small group' via the unipile_people/title_search channel. Verdict: CLEAN — post itself anchors a Cardiowell topic.","focuses on corporate medicine and employer health leadership, not clinical provider setting","author demonstrates direct expertise discussing the evolving role of corporate medical directors in employer healthcare strategy, with specific examples and predictions relevant to the ICP space",author's own forward-looking argument for corporate medical directors,inline_icp_qualified — icp_scoring skipped,1,0,0,yes,yes
"Run 50ddab70 (RULE 24 + keyword, 2026-05-13 12:16)",6a046ba035904903df6850b1,gate_passed,"Lane 8 — Hospital finance / RCM offices (CFO, VP RCM)",FINANCE,"Samantha Evans, MBA, FHFMA, CHFP",Assistant Vice President of Revenue Cycle at AnMed,"Anderson, SC",,https://www.linkedin.com/in/samanthaevans2,https://www.linkedin.com/posts/samanthaevans2_mha-capstone-anmed-activity-7458180464416116736-gV9U,2026-05-07 15:46:29.009000,—,—,OFF-TOPIC — neither post nor comment anchors a Cardiowell topic (review before engaging),unipile_people,title_search,VP of Finance medical practice,"Spent this past weekend back in Chapel Hill at @UNC Gillings School of Global Public Health, wrapping up my spring courses and kicking off the summer semester. Every trip back to campus is a reminder of how much growth happens when you continue to challenge yourself while balancing career, leadership, and life.

This summer also marks the beginning of our capstone project, and I’m incredibly honored that my group will have the opportunity to complete it in partnership with my own organization, AnMed.  Being able to apply what I’m learning directly to the place and people I care deeply about makes this experience even more meaningful! 

The finish line is getting closer, but I’m looking forward to making this last semester meaningful. Last one, best one 💪🏼

#mha #capstone #anmed",,"§ 05 ICP Lanes — Lane 8 — Hospital finance / RCM offices (CFO, VP RCM)",(no specific HIGHEST-intent signal — engagement leans on lane fit and ICP rubric),§ 06 Comment Reply Framework Angle 3 — 'go-direct' for explicit advice-seeking posts where the thread invites a product mention. Cardiowell name allowed here.,(no specific § 07 messaging anchor cited in this draft),"Samantha Evans, MBA, FHFMA, CHFP (Assistant Vice President of Revenue Cycle at AnMed, Anderson, SC) maps to Lane 8 — Hospital finance / RCM offices (CFO, VP RCM) [FINANCE]. Neither post nor comment surfaces a Cardiowell topical anchor. This is the weakest-fidelity entry in the set — likely the gate accepted the author's in-industry profile despite the post being off-topic. Manual review recommended. Comment uses 'go-direct' for explicit advice-seeking posts where the thread invites a product mention. Cardiowell name allowed here. Discovery vector: 'VP of Finance medical practice' via the unipile_people/title_search channel. Verdict: OFF-TOPIC — neither post nor comment anchors a Cardiowell topic (review before engaging).",student; post is school focused without clear buyer signal,"Personal career reflection from an ICP-fit author, discussing capstone and applied learning at their organization.",personal education update and capstone announcement,inline_icp_qualified — icp_scoring skipped,59,4,0,yes,yes
"Run 50ddab70 (RULE 24 + keyword, 2026-05-13 12:16)",6a046ba035904903df6850b1,gate_passed,Lane 4 — Health systems with active RPM / ambulatory programs,ENTERPRISE,"Ronen Friedman, MD, MBA, FACHE","Physician | Board Certified Healthcare Executive | Experienced CEO | Healthcare Consultant | Excel in Strategic Growth, Quality improvement, Operations, Culture Development, Compliance, and Servant Leadership.","Arvada, CO",,https://www.linkedin.com/in/ronen-friedman-md-mba-fache-468092186,https://www.linkedin.com/posts/ronen-friedman-md-mba-fache-468092186_as-a-representative-of-wearedocs-i-believe-activity-7460221537300770816-ZXB0,2026-05-13 06:56:58.706000,PRACTICE,—,CLEAN — post itself anchors a Cardiowell topic,unipile_people,title_search,Family Medicine physician small group,"As a representative of WeAreDocs, I believe the conversation around alternative pathways for International Medical Graduates (IMGs) is more important than ever.

Across the United States, physician shortages continue to affect patient access to care — especially in primary care, rural communities, underserved populations, and high-demand specialties. At the same time, thousands of highly trained international physicians with extensive clinical experience remain unable to practice due to limited residency positions and restrictive licensing structures.

We believe there is an opportunity to create responsible, patient-centered solutions that maintain high standards while expanding access to care.

Thoughtfully developed IMG pathways can:
• Improve access to physicians in underserved communities
• Help address critical workforce shortages
• Increase culturally competent and multilingual care
• Strengthen healthcare system capacity
• Allow experienced physicians to contribute their skills and expertise to patient care

Several states and institutions have already begun exploring innovative models, including supervised practice pathways, competency-based assessments, and alternative li",,§ 05 ICP Lanes — Lane 4 — Health systems with active RPM / ambulatory programs,(no specific HIGHEST-intent signal — engagement leans on lane fit and ICP rubric),§ 06 Comment Reply Framework Angle 2 — 'add-a-data-point' for industry news or Medicare updates. Drop the 120M/24%/$131B stat or the $100-120/patient/month CPT capture.,(no specific § 07 messaging anchor cited in this draft),"Ronen Friedman, MD, MBA, FACHE (Physician | Board Certified Healthcare Executive | Experienced CEO | Healthcare Consultant | Excel in Strategic Growth, Quality improvement, Operations, Culture Development, Compliance, and Servant Leadership., Arvada, CO) maps to Lane 4 — Health systems with active RPM / ambulatory programs [ENTERPRISE]. The post itself anchors PRACTICE — a direct topical signal per § 04 Keyword Clusters, so engagement reads as joining an in-progress Cardiowell-relevant conversation rather than a forced pivot. Comment uses 'add-a-data-point' for industry news or Medicare updates. Drop the 120M/24%/$131B stat or the $100-120/patient/month CPT capture. Discovery vector: 'Family Medicine physician small group' via the unipile_people/title_search channel. Verdict: CLEAN — post itself anchors a Cardiowell topic.",Hospital/health system focused physician leader; likely RPM-buying decision-maker,"direct_expertise—author discusses organizational approach to IMG pathways affecting physician workforce, targeting health systems and policy stakeholders (ICP-adjacent buyers).",author’s own advocacy and perspective on IMG pathways,inline_icp_qualified — icp_scoring skipped,1,0,0,yes,yes
"Run e5db6e23 (KEYWORD-ONLY, 2026-05-13 12:37)",6a047071222bb47a3ed3e38d,drafted,Lane 4 — Health systems with active RPM / ambulatory programs,ENTERPRISE,Christian Milaster,"CEO | Ingenium & Rural Health Transformation Advisors | Helping Rural Health Leaders Improve Access & Outcomes through Digital Health Strategy, Implementation & Optimization | Vendor-Neutral | 125+ Projects, 25+ States","Annapolis, Maryland, United States",Sepsis Program Optimization,https://www.linkedin.com/in/christianmilaster,https://www.linkedin.com/posts/christianmilaster_rhtp-activity-7458718230799433729-kypy,2026-05-09 03:23:22.506000,"BP, RPM","BP, RPM",CLEAN — post itself anchors a Cardiowell topic,tier_1_kw,keyword_topical,remote BP monitoring,"💡 The difference between #RHTP consumer health tech programs that work and those that fail?
Proof of concept. Small, controlled, deliberate.

Not a pilot rolling out to hundreds. A proof of concept with 1-2 clinicians and a dozen patients validating specific assumptions.

Example: A rural health system planning high-risk pregnancy remote monitoring starts with two OB nurses taking BP cuffs home for a week. They use them daily, figure out where instructions are confusing, where devices are finicky.

Then those nurses work with a dozen expecting moms with hypertension who test devices at home and give feedback.

What they discovered: Patients were confused about WHEN to take readings. Morning? Evening? Before or after eating? The vendor manual assumed patients would know.

They didn't.

Adding ""take your reading when you wake up, before breakfast"" changed everything.

This is what ""design with patients and clinicians"" means. Putting real devices in real hands and learning what works.

Small scale = discover problems when they're easy to fix, before distributing to thousands.

Technology is 20% of success. Implementation science is 80%.

📖 Full framework: https://lnkd.in/gBThi5h3","Home BP timing is one of the quiet failure modes nobody screens for early, and it is exactly where otherwise solid remote monitoring programs start leaking adherence. In hypertension, a 10 to 15 point swing from inconsistent timing or technique can create false escalation, missed intervention, and a lot of avoidable nurse follow up time. The teams that get past proof of concept fastest are usually the ones that standardize the reading moment, the instruction language, and the escalation threshold with 1 to 2 clinicians before they ever talk about scale. Worth validating the patient script before the device fleet, not after 500 cuffs are already in homes.",§ 05 ICP Lanes — Lane 4 — Health systems with active RPM / ambulatory programs,"§ 03 Signals (HIGHEST intent) — posts mentioning 'uncontrolled hypertension', 'hypertension management', 'BP control' surface Track A clinical buyers actively managing chronic-care panels., § 03 Signals (HIGHEST intent) — posts about 'RPM program', 'remote patient monitoring', 'remote BP monitoring' surface operational buyers actively evaluating or running RPM.",§ 06 Comment Reply Framework Angle 3 — 'go-direct' for explicit advice-seeking posts where the thread invites a product mention. Cardiowell name allowed here.,(no specific § 07 messaging anchor cited in this draft),"Christian Milaster (CEO | Ingenium & Rural Health Transformation Advisors | Helping Rural Health Leaders Improve Access & Outcomes through Digital Health Strategy, Implementation & Optimization | Vendor-Neutral | 125+ Projects, 25+ States, Annapolis, Maryland, United States) maps to Lane 4 — Health systems with active RPM / ambulatory programs [ENTERPRISE]. The post itself anchors BP, RPM — a direct topical signal per § 04 Keyword Clusters, so engagement reads as joining an in-progress Cardiowell-relevant conversation rather than a forced pivot. Comment uses 'go-direct' for explicit advice-seeking posts where the thread invites a product mention. Cardiowell name allowed here. Discovery vector: 'remote BP monitoring' via the tier_1_kw/keyword_topical channel. Verdict: CLEAN — post itself anchors a Cardiowell topic.","CEO at vendor-neutral consultant in rural health, plausible adviser to buyer organizations",author shares direct experience running health tech PoCs; offers operational example,"author shares their own implementation advice and example, not analyst research",,1,0,0,yes,—
"Run e5db6e23 (KEYWORD-ONLY, 2026-05-13 12:37)",6a047071222bb47a3ed3e38d,drafted,Lane 4 — Health systems with active RPM / ambulatory programs,ENTERPRISE,"Jivesh Sharma, M.D.",Medical Oncologist · Building AI as Clinical Labor · CEO Nexgen Precision · MIT AI in Healthcare,"Dallas, Texas, United States",,https://www.linkedin.com/in/jiveshsharma,https://www.linkedin.com/posts/jiveshsharma_healthcareai-precisionmedicine-digitalhealth-activity-7459645389881651200-AeBc,2026-05-11 16:47:34.457000,CPT,BP,CLEAN — post itself anchors a Cardiowell topic,tier_2_kw,keyword_topical,preventive cardiology,"Opacity Was the Business Model

For decades, the most profitable seam in American healthcare has not been clinical excellence. 
It has been information asymmetry.

 Hospital pricing, prior auth, network design, formulary structure —  a gap between what patients know and what the people across the desk know.

AI is the first technology touching every layer of that asymmetry at once. Not because it diagnoses better. Because it explains.

Clinical opacity. 
A patient with metastatic disease faces decisions involving receptor status, mutational burden, line of therapy, trial eligibility. LLMs collapse that learning curve from years to minutes — and produce a patient who can have a real conversation with their oncologist.

Price opacity. 
A lumbar MRI runs $300 cash-pay at an independent center, $3,000+ through a hospital outpatient department. Same scan. The difference is the cost of not knowing.

Process opacity. 
Why was your prior auth denied. Where is your referral. AI agents make the administrative supply chain legible.

Quality opacity. 
Which providers specialize in your problem. Which ones hqve lower complication rates.
AI makes legibility cheap.

Jevons Paradox 
In 1865, Jevon","Where legibility usually breaks down is the handoff from explanation to action, because a patient can understand the plan and still disappear in the 29 days between visits. In cardiology alone, 120 million Americans have hypertension, only about 24% are controlled, and the cost of that gap still runs around $131 billion a year. The winners here will not be the teams that explain better in the portal, they will be the ones that measure who actually changed behavior, filled the script, and stayed monitored after the consult. Worth instrumenting the between visit loop before calling legibility the moat, not after demand shows up and falls back out.",§ 05 ICP Lanes — Lane 4 — Health systems with active RPM / ambulatory programs,"§ 03 Signals (HIGHEST intent) — posts mentioning CPT 99457/99458/99454, 'remote monitoring reimbursement', or 'uncaptured CPT revenue' indicate Track C finance audiences alert to revenue capture.","§ 06 Comment Reply Framework Angle 1 — 'validate-and-reframe' for venting posts. Acknowledge the operational pain, reframe through the between-visit-gap lens.",§ 07 Messaging Anchors — 'Approximately 120 million Americans have hypertension. Only about 24 percent have BP under control. Uncontrolled hypertension costs the US healthcare system about $131 billion per year.',"Jivesh Sharma, M.D. (Medical Oncologist · Building AI as Clinical Labor · CEO Nexgen Precision · MIT AI in Healthcare, Dallas, Texas, United States) maps to Lane 4 — Health systems with active RPM / ambulatory programs [ENTERPRISE]. The post itself anchors CPT — a direct topical signal per § 04 Keyword Clusters, so engagement reads as joining an in-progress Cardiowell-relevant conversation rather than a forced pivot. Comment uses 'validate-and-reframe' for venting posts. Acknowledge the operational pain, reframe through the between-visit-gap lens. Anchor cited: § 07 Messaging Anchors — 'Approximately 120 million Americans have hypertension. Only about 24 percent have BP under control. Uncontrolled hypertension costs the US healthcare system about $131 billion per year.' Discovery vector: 'preventive cardiology' via the tier_2_kw/keyword_topical channel. Verdict: CLEAN — post itself anchors a Cardiowell topic.",CEO and physician plausibly at provider or health-tech buyer,direct_expertise,"author's own thesis on healthcare AI and opacity, not analyst summary",,2,0,0,yes,—
"Run e5db6e23 (KEYWORD-ONLY, 2026-05-13 12:37)",6a047071222bb47a3ed3e38d,drafted,Lane 4 — Health systems with active RPM / ambulatory programs,ENTERPRISE,Juliana Feeney,PA-C | Passionate about Diversity in Healthcare | Mount Sinai Hospital,"Congers, New York, United States",Mount Sinai Health System,https://www.linkedin.com/in/juliana-feeney-74095a234,https://www.linkedin.com/posts/juliana-feeney-74095a234_this-past-weekend-was-butler-universitys-activity-7459652391559262208-I4Xn,2026-05-11 17:15:23.787000,BP,BP,CLEAN — post itself anchors a Cardiowell topic,tier_1_kw,keyword_topical,home blood pressure monitoring,"This past weekend was Butler University's commencement, and although I wasn't able to attend the ceremony, it was great to celebrate completing my Doctor of Medical Science degree with my family!  

I thoroughly enjoyed working on my capstone project, ""Language Barriers and Maternal Outcomes: Examining Home Blood Pressure Monitoring Compliance in Hypertensive Pregnancies."" I can't thank my advisor, Cody Sasek, PhD, PA-C, enough for his continued help and advice throughout the whole writing process.","Home blood pressure monitoring compliance in hypertensive pregnancies is the cleanest test of the between visit monitoring gap because the risk can change fast and language barriers turn a simple daily workflow into a missed signal problem. The painful part is that even in hypertension broadly, only about 24% of 120 million Americans are controlled, and pregnancy adds a much tighter timeline for catching deterioration before it becomes an ED visit or readmission. The measurement that matters is not device distribution, it is who actually gets enough usable readings back to support 20 minutes of clinical follow up per patient per month. Worth building the language and workflow layer before scaling the monitoring program, not after the no response cohort shows up.",§ 05 ICP Lanes — Lane 4 — Health systems with active RPM / ambulatory programs,"§ 03 Signals (HIGHEST intent) — posts mentioning 'uncontrolled hypertension', 'hypertension management', 'BP control' surface Track A clinical buyers actively managing chronic-care panels.",§ 06 Comment Reply Framework Angle 3 — 'go-direct' for explicit advice-seeking posts where the thread invites a product mention. Cardiowell name allowed here.,§ 07 Messaging Anchors — 'Approximately 120 million Americans have hypertension. Only about 24 percent have BP under control. Uncontrolled hypertension costs the US healthcare system about $131 billion per year.',"Juliana Feeney (PA-C | Passionate about Diversity in Healthcare | Mount Sinai Hospital, Congers, New York, United States) maps to Lane 4 — Health systems with active RPM / ambulatory programs [ENTERPRISE]. The post itself anchors BP — a direct topical signal per § 04 Keyword Clusters, so engagement reads as joining an in-progress Cardiowell-relevant conversation rather than a forced pivot. Comment uses 'go-direct' for explicit advice-seeking posts where the thread invites a product mention. Cardiowell name allowed here. Anchor cited: § 07 Messaging Anchors — 'Approximately 120 million Americans have hypertension. Only about 24 percent have BP under control. Uncontrolled hypertension costs the US healthcare system about $131 billion per year.' Discovery vector: 'home blood pressure monitoring' via the tier_1_kw/keyword_topical channel. Verdict: CLEAN — post itself anchors a Cardiowell topic.",in-industry practitioner at target health system,personal narrative and achievement from an ICP-adjacent author,personal milestone and own academic project,,28,7,0,yes,—
"Run 50ddab70 (RULE 24 + keyword, 2026-05-13 12:16)",6a046ba035904903df6850b1,drafted,Lane 4 — Health systems with active RPM / ambulatory programs,ENTERPRISE,Rayan Alataa,PGY-2 resident physician - Bronxcare health system,United States,,https://www.linkedin.com/in/rayan-alataa-3b153a29b,https://www.linkedin.com/posts/rayan-alataa-3b153a29b_ddw-internalmedicine-gastroenterology-activity-7459000953564946432-_1Ly,2026-05-09 22:06:48.866000,—,BP,FORCED — comment grafts Cardiowell anchor onto unrelated post (lower-fidelity engagement),unipile_people,title_search,Founding Physician health system,"Mom, we made it

Grateful to present both an oral and poster presentation at Digestive Disease Week 2026. In addition to receive a Certificate of Achievement, and be recognized as Resident of the Month of April . 

The journey continues. #DDW #InternalMedicine #Gastroenterology #SudaneseDoctors","DDW is the cleanest test of early physician rigor because it shows who can turn day to day clinical work into something measurable. The signal that matters is not the certificate, it is whether this habit compounds into better care decisions when the stakes are messy, especially in chronic disease where only about 24% of hypertensive Americans are controlled despite 120 million living with it. The clinicians who stand out long term are usually the ones who keep building the measurement muscle after the conference, not just during application season. Worth protecting that habit early, because it is what separates strong training from durable clinical judgment.",§ 05 ICP Lanes — Lane 4 — Health systems with active RPM / ambulatory programs,"§ 03 Signals (HIGHEST intent) — posts mentioning 'uncontrolled hypertension', 'hypertension management', 'BP control' surface Track A clinical buyers actively managing chronic-care panels.","§ 06 Comment Reply Framework Angle 1 — 'validate-and-reframe' for venting posts. Acknowledge the operational pain, reframe through the between-visit-gap lens.",§ 07 Messaging Anchors — 'Approximately 120 million Americans have hypertension. Only about 24 percent have BP under control. Uncontrolled hypertension costs the US healthcare system about $131 billion per year.',"Rayan Alataa (PGY-2 resident physician - Bronxcare health system, United States) maps to Lane 4 — Health systems with active RPM / ambulatory programs [ENTERPRISE]. The post does not anchor Cardiowell topics directly, but the drafted comment pivots to BP — a forced-anchor engagement. Review the post in-thread before posting; consider commenting in a tone closer to § 06 CR Framework Angle 1 (validate-and-reframe) rather than dropping the stat. Comment uses 'validate-and-reframe' for venting posts. Acknowledge the operational pain, reframe through the between-visit-gap lens. Anchor cited: § 07 Messaging Anchors — 'Approximately 120 million Americans have hypertension. Only about 24 percent have BP under control. Uncontrolled hypertension costs the US healthcare system about $131 billion per year.' Discovery vector: 'Founding Physician health system' via the unipile_people/title_search channel. Verdict: FORCED — comment grafts Cardiowell anchor onto unrelated post (lower-fidelity engagement).","in-industry practitioner (resident physician, internal medicine)",personal narrative from ICP-fit author,"personal achievement update, not analyst or press-release summary",inline_icp_qualified — icp_scoring skipped,13,2,0,yes,yes
"Run 50ddab70 (RULE 24 + keyword, 2026-05-13 12:16)",6a046ba035904903df6850b1,drafted,Lane 4 — Health systems with active RPM / ambulatory programs,ENTERPRISE,"Cody Hunter, FACHE",President at Methodist Health System,"Celina, TX",,https://www.linkedin.com/in/cody-hunter-fache-8747a926,https://www.linkedin.com/posts/cody-hunter-fache-8747a926_as-we-wind-down-nurses-week-2026-id-be-activity-7460098935660056576-vR7V,2026-05-12 22:49:48.197000,—,—,OFF-TOPIC — neither post nor comment anchors a Cardiowell topic (review before engaging),unipile_people,title_search,VP of Clinical Operations health system,"As we wind down Nurse’s Week 2026 I’d be remiss if I didn’t share how grateful I am for our wonderful nurses at Methodist Celina Medical Center. The culture we’ve built is lived day-in and day-out by our wonderful nurses, with healing hands and their compassionate care. Those nurses are supported in an unparalleled way by our nursing leadership team. These esteemed professionals not only are masters of their craft but navigate the challenges and pressures of leadership flawlessly.

One very special individual I’d like to recognize this particular Nurse’s Week is Robin Winebar DNP, RN, NEA-BC, CNL, CPHQ , our PHENOMENAL Chief Nursing Officer. In my leadership book, the only way to have exceptional nurses is to have an exceptional CNO - and Robin is exactly that. Thank you Robin for being my partner on this crazy journey of opening a brand new campus and for being such an exceptional role model for our nurses and leaders!!!!! Happy Nurse’s Week!!!","Nursing leadership is one of the quiet failure modes nobody screens for early when opening a new campus, because culture looks strong on paper long before it holds up under staffing pressure and patient volume. The hard part is that one CNO and a small leadership bench can set the tone for hundreds of bedside decisions in the first 90 days, especially when retention, handoffs, and escalation discipline are still forming at the unit level. That is usually where exceptional nursing teams are actually built or lost, not in the ribbon cutting phase. Worth pressure testing leadership depth and frontline feedback loops before the first real census surge, not after.",§ 05 ICP Lanes — Lane 4 — Health systems with active RPM / ambulatory programs,(no specific HIGHEST-intent signal — engagement leans on lane fit and ICP rubric),"§ 06 Comment Reply Framework Angle 1 — 'validate-and-reframe' for venting posts. Acknowledge the operational pain, reframe through the between-visit-gap lens.",§ 07 Messaging Anchors — 'The between-visit monitoring gap is the structural reason BP goes uncontrolled. Most hypertensive patients are seen 2-3 times a year; everything in between is largely invisible.',"Cody Hunter, FACHE (President at Methodist Health System, Celina, TX) maps to Lane 4 — Health systems with active RPM / ambulatory programs [ENTERPRISE]. Neither post nor comment surfaces a Cardiowell topical anchor. This is the weakest-fidelity entry in the set — likely the gate accepted the author's in-industry profile despite the post being off-topic. Manual review recommended. Comment uses 'validate-and-reframe' for venting posts. Acknowledge the operational pain, reframe through the between-visit-gap lens. Anchor cited: § 07 Messaging Anchors — 'The between-visit monitoring gap is the structural reason BP goes uncontrolled. Most hypertensive patients are seen 2-3 times a year; everything in between is largely invisible.' Discovery vector: 'VP of Clinical Operations health system' via the unipile_people/title_search channel. Verdict: OFF-TOPIC — neither post nor comment anchors a Cardiowell topic (review before engaging).","President at hospital, clear decision-maker in target healthcare industry",personal narrative of gratitude from ICP-fit author (likely healthcare executive) highlighting leadership and team culture at their workplace,personal appreciation post about nursing leadership,inline_icp_qualified — icp_scoring skipped,44,0,1,yes,yes
"Run 50ddab70 (RULE 24 + keyword, 2026-05-13 12:16)",6a046ba035904903df6850b1,gate_passed,Lane 4 — Health systems with active RPM / ambulatory programs,ENTERPRISE,Lee Bewley,"Director, Health Management Programs","Louisville, KY",,https://www.linkedin.com/in/lee-bewley-6408239,https://www.linkedin.com/posts/lee-bewley-6408239_the-future-is-so-bright-and-promising-for-activity-7459592425980817408-n5Qd,2026-05-11 13:17:06.879000,—,—,OFF-TOPIC — neither post nor comment anchors a Cardiowell topic (review before engaging),unipile_people,title_search,Director of Population Health physician group,"The future is so bright and promising for these University of Louisville University of Louisville School of Public Health and Information Sciences MSHA Cardinals and the communities, organizations, and teams that they will lead to higher levels of population health and a more thriving society.

I am so proud of your well-earned master practitioner credentials and your substantial potential, Sidney Durbin, Destiny Swann, LSSGB, Chandra Capers, Eli Roberts, Aniya Murray, Kelly Timple, Reine Chenou, Lorraynna Polk, BSOLL, CST, RST, Zach Shea, Manohar Suggula...I wish you a life and career of positively impactful meaning and happiness. Soar Cardinals! 

ACHE Kentucky Chapter HFMA Kentucky Chapter Kentucky Hospital Association American College of Healthcare Executives CAHME | Commission on Accreditation of Healthcare Management Education Association of University Programs in Health Administration (AUPHA) Norton Healthcare Baptist Health System KY & IN Louisville Metro Government UK HealthCare U.S. Department of Veterans Affairs Defense Health Agency UofL Health",,§ 05 ICP Lanes — Lane 4 — Health systems with active RPM / ambulatory programs,(no specific HIGHEST-intent signal — engagement leans on lane fit and ICP rubric),"§ 06 Comment Reply Framework Angle 1 — 'validate-and-reframe' for venting posts. Acknowledge the operational pain, reframe through the between-visit-gap lens.",(no specific § 07 messaging anchor cited in this draft),"Lee Bewley (Director, Health Management Programs, Louisville, KY) maps to Lane 4 — Health systems with active RPM / ambulatory programs [ENTERPRISE]. Neither post nor comment surfaces a Cardiowell topical anchor. This is the weakest-fidelity entry in the set — likely the gate accepted the author's in-industry profile despite the post being off-topic. Manual review recommended. Comment uses 'validate-and-reframe' for venting posts. Acknowledge the operational pain, reframe through the between-visit-gap lens. Discovery vector: 'Director of Population Health physician group' via the unipile_people/title_search channel. Verdict: OFF-TOPIC — neither post nor comment anchors a Cardiowell topic (review before engaging).","Possible decision-maker in Health Management, plausible buyer.",personal narrative from an ICP-fit author recognizing graduates and healthcare orgs,personal congratulations and career celebration,inline_icp_qualified — icp_scoring skipped,78,4,4,yes,yes
"Run 50ddab70 (RULE 24 + keyword, 2026-05-13 12:16)",6a046ba035904903df6850b1,drafted,Lane 4 — Health systems with active RPM / ambulatory programs,ENTERPRISE,"Sarah Matt MD, MBA",Chief Strategy Officer | National Best Selling Author | Speaker | Healthcare Board Advisor | Oracle Alumni,"Fayetteville, NY",,https://www.linkedin.com/in/sarahmattmd,https://www.linkedin.com/posts/sarahmattmd_clinicalai-healthcareleadership-aigovernance-activity-7460026034546163712-kKWg,2026-05-12 18:00:07.217000,—,—,OFF-TOPIC — neither post nor comment anchors a Cardiowell topic (review before engaging),unipile_people,title_search,VP of Product medical practice,"The AI vendor agreement cleared legal.

Finance signed off on the payment schedule.

Nobody flagged it for clinical review.

Six months in, you will wish they had.

Today's article covers the four clauses worth fighting for before you sign. Population-specific performance thresholds. Model drift notification windows. Clinical liability language. Exit conditions that actually protect your organization.

Most health systems leave all four on the table.

https://lnkd.in/gfQvVHaH

The governance conversation continues Wednesday: Episode 18 of The Clinical Realist goes live May 13.

#ClinicalAI #HealthcareLeadership #AIGovernance #HealthcareAI #PhysicianLeadership","Clinical review is one of the quiet failure modes nobody screens for early, and it usually shows up only after workflow breakage or liability questions hit the floor. The expensive part is not just bad model fit, it is six months of adoption drag across physicians, nurses, and informatics teams that were never asked what safe use actually looks like. In most systems, a 30 day pilot can hide failure modes that only appear once 500 or 5,000 patient encounters run through the model and drift starts changing clinical behavior. Worth forcing population level thresholds, drift notice windows, and exit terms into the contract before legal closes it, not after clinicians inherit the risk.",§ 05 ICP Lanes — Lane 4 — Health systems with active RPM / ambulatory programs,(no specific HIGHEST-intent signal — engagement leans on lane fit and ICP rubric),"§ 06 Comment Reply Framework Angle 1 — 'validate-and-reframe' for venting posts. Acknowledge the operational pain, reframe through the between-visit-gap lens.",§ 07 Messaging Anchors — 'The between-visit monitoring gap is the structural reason BP goes uncontrolled. Most hypertensive patients are seen 2-3 times a year; everything in between is largely invisible.',"Sarah Matt MD, MBA (Chief Strategy Officer | National Best Selling Author | Speaker | Healthcare Board Advisor | Oracle Alumni, Fayetteville, NY) maps to Lane 4 — Health systems with active RPM / ambulatory programs [ENTERPRISE]. Neither post nor comment surfaces a Cardiowell topical anchor. This is the weakest-fidelity entry in the set — likely the gate accepted the author's in-industry profile despite the post being off-topic. Manual review recommended. Comment uses 'validate-and-reframe' for venting posts. Acknowledge the operational pain, reframe through the between-visit-gap lens. Anchor cited: § 07 Messaging Anchors — 'The between-visit monitoring gap is the structural reason BP goes uncontrolled. Most hypertensive patients are seen 2-3 times a year; everything in between is largely invisible.' Discovery vector: 'VP of Product medical practice' via the unipile_people/title_search channel. Verdict: OFF-TOPIC — neither post nor comment anchors a Cardiowell topic (review before engaging).",in-industry executive likely in health systems or medical group,author shares direct expertise on AI vendor agreements in healthcare; specifics on contract clauses signal operational experience,"author’s own guidance on AI contract clauses, not analyst summary",inline_icp_qualified — icp_scoring skipped,1,3,0,yes,yes
"Run 50ddab70 (RULE 24 + keyword, 2026-05-13 12:16)",6a046ba035904903df6850b1,gate_passed,Lane 4 — Health systems with active RPM / ambulatory programs,ENTERPRISE,"Sarah Matt MD, MBA",Chief Strategy Officer | National Best Selling Author | Speaker | Healthcare Board Advisor | Oracle Alumni,"Fayetteville, NY",,https://www.linkedin.com/in/sarahmattmd,https://www.linkedin.com/posts/sarahmattmd_episode-18-of-the-clinical-realist-is-out-activity-7460298392204734464-5cM9,2026-05-13 12:02:22.343000,—,—,OFF-TOPIC — neither post nor comment anchors a Cardiowell topic (review before engaging),unipile_people,title_search,VP of Product medical practice,"Episode 18 of The Clinical Realist is out now.

For seven weeks, this show ran one diagnostic: why clinical AI fails in health systems. Why pilots don't scale. Why vendors don't disclose. Why physician governance gets sidelined. Why post-launch is where deployments quietly die.

Today we prescribe.

Episode 18: The Governance Structure That Actually Works.

Three components. Named accountabilities. A practical build sequence. And the part almost no organization does, which is simulating governance failure before deployment rather than after.

If you lead a health system, run a clinical AI program, or advise organizations navigating this: this one is for you.

Link in the first comment.

What has worked in your governance structure? What has failed? Let's talk in the comments.",,§ 05 ICP Lanes — Lane 4 — Health systems with active RPM / ambulatory programs,(no specific HIGHEST-intent signal — engagement leans on lane fit and ICP rubric),§ 06 Comment Reply Framework Angle 3 — 'go-direct' for explicit advice-seeking posts where the thread invites a product mention. Cardiowell name allowed here.,(no specific § 07 messaging anchor cited in this draft),"Sarah Matt MD, MBA (Chief Strategy Officer | National Best Selling Author | Speaker | Healthcare Board Advisor | Oracle Alumni, Fayetteville, NY) maps to Lane 4 — Health systems with active RPM / ambulatory programs [ENTERPRISE]. Neither post nor comment surfaces a Cardiowell topical anchor. This is the weakest-fidelity entry in the set — likely the gate accepted the author's in-industry profile despite the post being off-topic. Manual review recommended. Comment uses 'go-direct' for explicit advice-seeking posts where the thread invites a product mention. Cardiowell name allowed here. Discovery vector: 'VP of Product medical practice' via the unipile_people/title_search channel. Verdict: OFF-TOPIC — neither post nor comment anchors a Cardiowell topic (review before engaging).",healthcare executive with plausible decision authority,direct_expertise,"author promoting own episode and governance take, not summarizing analyst research",inline_icp_qualified — icp_scoring skipped,1,1,0,yes,yes
"Run 50ddab70 (RULE 24 + keyword, 2026-05-13 12:16)",6a046ba035904903df6850b1,gate_passed,Lane 4 — Health systems with active RPM / ambulatory programs,ENTERPRISE,"Sarah Matt MD, MBA",Chief Strategy Officer | National Best Selling Author | Speaker | Healthcare Board Advisor | Oracle Alumni,"Fayetteville, NY",,https://www.linkedin.com/in/sarahmattmd,https://www.linkedin.com/posts/sarahmattmd_the-vendors-contract-and-your-clinical-governance-activity-7459951000804679680-rHJg,2026-05-12 13:01:57.779000,—,—,OFF-TOPIC — neither post nor comment anchors a Cardiowell topic (review before engaging),unipile_people,title_search,VP of Product medical practice,"The vendor's contract and your clinical governance framework are rarely reviewing the same document.

One of the most consistent patterns in health system advisory work: the AI vendor agreement goes through legal, clears procurement, and gets signed without a single physician governance leader reading it for clinical operational risk.

Then, six months into deployment, the questions start.

Who owns the model's outputs when they contribute to a clinical decision? What is the vendor's obligation when the tool underperforms in your specific patient population? What are the exit conditions, and when did you actually commit to writing them down?

The answers are either in the contract or they are not. The time to find out is before the ink dries.

This week's newsletter goes out this morning. If you are not on the list: drsarahmatt.com/newsletter

What clause do you wish you had insisted on in your last vendor agreement?",,§ 05 ICP Lanes — Lane 4 — Health systems with active RPM / ambulatory programs,(no specific HIGHEST-intent signal — engagement leans on lane fit and ICP rubric),§ 06 Comment Reply Framework Angle 3 — 'go-direct' for explicit advice-seeking posts where the thread invites a product mention. Cardiowell name allowed here.,(no specific § 07 messaging anchor cited in this draft),"Sarah Matt MD, MBA (Chief Strategy Officer | National Best Selling Author | Speaker | Healthcare Board Advisor | Oracle Alumni, Fayetteville, NY) maps to Lane 4 — Health systems with active RPM / ambulatory programs [ENTERPRISE]. Neither post nor comment surfaces a Cardiowell topical anchor. This is the weakest-fidelity entry in the set — likely the gate accepted the author's in-industry profile despite the post being off-topic. Manual review recommended. Comment uses 'go-direct' for explicit advice-seeking posts where the thread invites a product mention. Cardiowell name allowed here. Discovery vector: 'VP of Product medical practice' via the unipile_people/title_search channel. Verdict: OFF-TOPIC — neither post nor comment anchors a Cardiowell topic (review before engaging).","Possible health system executive or board advisor, buyer-shaped","author demonstrates direct expertise in health system advisory, detailing gaps in AI vendor contract review; offers actionable insight on clinical operational risk and legal process",author’s own advisory perspective on vendor contracts and clinical governance,inline_icp_qualified — icp_scoring skipped,5,1,0,yes,yes
"Run 50ddab70 (RULE 24 + keyword, 2026-05-13 12:16)",6a046ba035904903df6850b1,gate_passed,Lane 4 — Health systems with active RPM / ambulatory programs,ENTERPRISE,"Sarah Matt MD, MBA",Chief Strategy Officer | National Best Selling Author | Speaker | Healthcare Board Advisor | Oracle Alumni,"Fayetteville, NY",,https://www.linkedin.com/in/sarahmattmd,https://www.linkedin.com/posts/sarahmattmd_the-governance-gap-in-most-health-systems-activity-7459603699087253504-QF9X,2026-05-11 14:01:54.597000,—,—,OFF-TOPIC — neither post nor comment anchors a Cardiowell topic (review before engaging),unipile_people,title_search,VP of Product medical practice,"The governance gap in most health systems is not a policy gap.

It is an accountability gap. Those are not the same thing.

Policies exist. They are well-meaning, often detailed, and almost entirely disconnected from what happens when a clinical AI tool behaves unexpectedly at 3 AM in a unit where no one on the governance committee is present.

After working with health systems on clinical AI implementation, the pattern is consistent: the documentation looks solid, the structure is correct on paper, and the named accountability for what to do when something goes wrong is missing.

Not who to call. Not what the escalation path looks like. Not who has the authority to suspend a tool without convening a review board first.

This week on The Clinical Realist, I walk through the governance structure that fills that gap. Episode 18 drops Wednesday.

What is the single biggest gap in your organization's clinical AI governance? Drop it below.",,§ 05 ICP Lanes — Lane 4 — Health systems with active RPM / ambulatory programs,(no specific HIGHEST-intent signal — engagement leans on lane fit and ICP rubric),§ 06 Comment Reply Framework Angle 3 — 'go-direct' for explicit advice-seeking posts where the thread invites a product mention. Cardiowell name allowed here.,(no specific § 07 messaging anchor cited in this draft),"Sarah Matt MD, MBA (Chief Strategy Officer | National Best Selling Author | Speaker | Healthcare Board Advisor | Oracle Alumni, Fayetteville, NY) maps to Lane 4 — Health systems with active RPM / ambulatory programs [ENTERPRISE]. Neither post nor comment surfaces a Cardiowell topical anchor. This is the weakest-fidelity entry in the set — likely the gate accepted the author's in-industry profile despite the post being off-topic. Manual review recommended. Comment uses 'go-direct' for explicit advice-seeking posts where the thread invites a product mention. Cardiowell name allowed here. Discovery vector: 'VP of Product medical practice' via the unipile_people/title_search channel. Verdict: OFF-TOPIC — neither post nor comment anchors a Cardiowell topic (review before engaging).",In-industry executive discussing health system operations,direct_expertise,author's own perspective on clinical AI governance,inline_icp_qualified — icp_scoring skipped,14,1,0,yes,yes
"Run 50ddab70 (RULE 24 + keyword, 2026-05-13 12:16)",6a046ba035904903df6850b1,gate_passed,Lane 4 — Health systems with active RPM / ambulatory programs,ENTERPRISE,"Sarah Matt MD, MBA",Chief Strategy Officer | National Best Selling Author | Speaker | Healthcare Board Advisor | Oracle Alumni,"Fayetteville, NY",,https://www.linkedin.com/in/sarahmattmd,https://www.linkedin.com/posts/sarahmattmd_clinicalai-healthcareai-healthtech-activity-7458546508548755456-M2Fw,2026-05-08 16:01:00.731000,—,—,OFF-TOPIC — neither post nor comment anchors a Cardiowell topic (review before engaging),unipile_people,title_search,VP of Product medical practice,"They asked me to close the Kingston Syracuse Pathway Annual Conference as the keynote.

Here's the highlight reel.

If you've been skeptical about what AI actually does inside a health system, this is 4 minutes that reframes it. Not the hype version: the version where I walk you through what breaks, what works, and what your team actually needs before you sign anything.

https://lnkd.in/ekMC7k5z

#ClinicalAI #HealthcareAI #HealthTech #AIGovernance #KeynoteSpeaker",,§ 05 ICP Lanes — Lane 4 — Health systems with active RPM / ambulatory programs,(no specific HIGHEST-intent signal — engagement leans on lane fit and ICP rubric),"§ 06 Comment Reply Framework Angle 1 — 'validate-and-reframe' for venting posts. Acknowledge the operational pain, reframe through the between-visit-gap lens.",(no specific § 07 messaging anchor cited in this draft),"Sarah Matt MD, MBA (Chief Strategy Officer | National Best Selling Author | Speaker | Healthcare Board Advisor | Oracle Alumni, Fayetteville, NY) maps to Lane 4 — Health systems with active RPM / ambulatory programs [ENTERPRISE]. Neither post nor comment surfaces a Cardiowell topical anchor. This is the weakest-fidelity entry in the set — likely the gate accepted the author's in-industry profile despite the post being off-topic. Manual review recommended. Comment uses 'validate-and-reframe' for venting posts. Acknowledge the operational pain, reframe through the between-visit-gap lens. Discovery vector: 'VP of Product medical practice' via the unipile_people/title_search channel. Verdict: OFF-TOPIC — neither post nor comment anchors a Cardiowell topic (review before engaging).",title/role not a buyer; likely vendor/consultant,conference_mention (author recapping AI keynote at health system conference),author promoting their own keynote and perspective,inline_icp_qualified — icp_scoring skipped,0,1,0,yes,yes
"Run 50ddab70 (RULE 24 + keyword, 2026-05-13 12:16)",6a046ba035904903df6850b1,gate_passed,Lane 9 — RPM service-company partners / digital-health vendors,PARTNER-CHANNEL,John Webb,"John Webb MD, DC, MBA, MPH - Occupational Medicine Physician | Workers’ Comp & Concussion Specialist | IME & Expert Witness | Founder, OccMedMD & HealthFirst-STL | Functional & Longevity Medicine","St Louis, MO",,https://www.linkedin.com/in/john-webb-md,https://www.linkedin.com/posts/john-webb-md_mental-health-substance-use-and-why-a-cmd-activity-7459920329675780096-0E-8,2026-05-12 11:00:05.212000,VBC,—,CLEAN — post itself anchors a Cardiowell topic,unipile_people,title_search,Family Medicine physician small group,"Mental Health, Substance Use, and Why a CMD Is Not Optional Anymore

Five years ago, a CEO would tell me in confidence that workforce mental health was their #3 or #4 issue. Today, every CEO I work with says #1 or #2. The data agrees.
Workforce mental health and substance use are no longer adjacent to the business. They are the business. 

They drive disability, presenteeism, retention, safety incidents, absenteeism, healthcare spend, and litigation exposure. We've known for years how psychosocial factors play into workplace injuries; we are finally shining real light on preventing, mitigating, and treating mental health claims. Almost no employer is set up to address them strategically.

Here's what I see at a typical mid-to-large employer. An EAP nobody uses. A behavioral health network with poor access. A wellness vendor doing meditation challenges. An HR team handling crises one at a time, often heroically, without the medical or legal scaffolding to do it cleanly. Managers with zero training on how to recognize a struggling employee. And almost never a single physician accountable for the strategy.

That's the gap a corporate medical director fills.

Mental health cannot be le",,§ 05 ICP Lanes — Lane 9 — RPM service-company partners / digital-health vendors,"§ 03 Signals (MODERATE-HIGH) — 'value-based care', 'MSSP', 'ACO REACH', 'shared savings' signal Lane 6 (ACOs) and Lane 7 (MSOs/clinically integrated networks).",§ 06 Comment Reply Framework Angle 2 — 'add-a-data-point' for industry news or Medicare updates. Drop the 120M/24%/$131B stat or the $100-120/patient/month CPT capture.,(no specific § 07 messaging anchor cited in this draft),"John Webb (John Webb MD, DC, MBA, MPH - Occupational Medicine Physician | Workers’ Comp & Concussion Specialist | IME & Expert Witness | Founder, OccMedMD & HealthFirst-STL | Functional & Longevity Medicine, St Louis, MO) maps to Lane 9 — RPM service-company partners / digital-health vendors [PARTNER-CHANNEL]. The post itself anchors VBC — a direct topical signal per § 04 Keyword Clusters, so engagement reads as joining an in-progress Cardiowell-relevant conversation rather than a forced pivot. Comment uses 'add-a-data-point' for industry news or Medicare updates. Drop the 120M/24%/$131B stat or the $100-120/patient/month CPT capture. Discovery vector: 'Family Medicine physician small group' via the unipile_people/title_search channel. Verdict: CLEAN — post itself anchors a Cardiowell topic.",Occupational Medicine Physician and Founder; plausible decision-maker for clinic technology,direct_expertise from author describing CMD's role and employer patterns in workforce mental health strategy—specific claims and outcomes observed in ICP context.,"author’s own POV on corporate medical directors, with only brief reference to guidance/data",inline_icp_qualified — icp_scoring skipped,0,0,0,yes,yes
"Run 50ddab70 (RULE 24 + keyword, 2026-05-13 12:16)",6a046ba035904903df6850b1,gate_passed,Lane 9 — RPM service-company partners / digital-health vendors,PARTNER-CHANNEL,John Webb,"John Webb MD, DC, MBA, MPH - Occupational Medicine Physician | Workers’ Comp & Concussion Specialist | IME & Expert Witness | Founder, OccMedMD & HealthFirst-STL | Functional & Longevity Medicine","St Louis, MO",,https://www.linkedin.com/in/john-webb-md,https://www.linkedin.com/posts/john-webb-md_is-it-easy-no-is-it-worth-it-yes-activity-7459565574688264193-itKi,2026-05-11 11:30:25.032000,PRACTICE,—,CLEAN — post itself anchors a Cardiowell topic,unipile_people,title_search,Family Medicine physician small group,"Is it easy - NO!  Is it worth it - YES!

Twenty years ago, I worked construction jobs alongside men who pushed through injuries because they felt they had no choice.
I even saw this in my family when my mom experienced a bad ankle injury at work. She limped around the jobsite for days, hiding it, terrified of being the person who slowed the crew down. By the time she finally spoke up, the injury was far worse than anyone realized. That cost her over six weeks of time and pay from the job.

That stayed with me.

Years later, after working through healthcare, occupational medicine, and workers' compensation, after seeing the system from every angle, I came to a clear conclusion.

Most employers are not trying to fail workers. Most workers are not trying to abuse the system. But the process between them is fragmented, slow, reactive, and frustrating for everyone involved.

That frustration became the reason we built OccMedMD.

I left a great job to start a new business and create a leading occupational medicine practice focused on doing the best for employees and employers alike. Honestly, there were stretches where I did not know if we could make it work. Building an independent medi",,§ 05 ICP Lanes — Lane 9 — RPM service-company partners / digital-health vendors,(no specific HIGHEST-intent signal — engagement leans on lane fit and ICP rubric),"§ 06 Comment Reply Framework Angle 1 — 'validate-and-reframe' for venting posts. Acknowledge the operational pain, reframe through the between-visit-gap lens.",(no specific § 07 messaging anchor cited in this draft),"John Webb (John Webb MD, DC, MBA, MPH - Occupational Medicine Physician | Workers’ Comp & Concussion Specialist | IME & Expert Witness | Founder, OccMedMD & HealthFirst-STL | Functional & Longevity Medicine, St Louis, MO) maps to Lane 9 — RPM service-company partners / digital-health vendors [PARTNER-CHANNEL]. The post itself anchors PRACTICE — a direct topical signal per § 04 Keyword Clusters, so engagement reads as joining an in-progress Cardiowell-relevant conversation rather than a forced pivot. Comment uses 'validate-and-reframe' for venting posts. Acknowledge the operational pain, reframe through the between-visit-gap lens. Discovery vector: 'Family Medicine physician small group' via the unipile_people/title_search channel. Verdict: CLEAN — post itself anchors a Cardiowell topic.",independent occupational medicine practice founder (plausible buyer),author describes their own founding journey and decision-making in occupational medicine (ICP space) with specific operational and industry insights,"personal founder story and company mission, not analyst or press-release summary",inline_icp_qualified — icp_scoring skipped,3,0,0,yes,yes
"Run 50ddab70 (RULE 24 + keyword, 2026-05-13 12:16)",6a046ba035904903df6850b1,gate_passed,Lane 9 — RPM service-company partners / digital-health vendors,PARTNER-CHANNEL,John Webb,"John Webb MD, DC, MBA, MPH - Occupational Medicine Physician | Workers’ Comp & Concussion Specialist | IME & Expert Witness | Founder, OccMedMD & HealthFirst-STL | Functional & Longevity Medicine","St Louis, MO",,https://www.linkedin.com/in/john-webb-md,https://www.linkedin.com/posts/john-webb-md_hantavirus-in-the-headlines-what-the-data-activity-7459305012838445057-Dp4n,2026-05-10 18:15:02.246000,BP,—,CLEAN — post itself anchors a Cardiowell topic,unipile_people,title_search,Family Medicine physician small group,"Hantavirus in the Headlines: What the Data Actually Says

The hantavirus outbreak on the cruise ship MV Hondius has put a rarely discussed virus back on the front page. As a physician trained in public health and preventive medicine, I want to offer a perspective, because the news cycle often makes the picture look more alarming than the data support. At OccMedMD, we continually monitor public health issues, especially when they affect workplace health and safety.

Hantaviruses live naturally in rodents, which carry them without getting sick. People become infected by breathing in tiny particles from rodent urine, droppings, or saliva, usually after disturbing a contaminated barn, shed, cabin, or storage space.

Direct contact, rodent bites, and contaminated dust can also cause infection.

Old World strains in Europe and Asia attack the kidneys and cause Hemorrhagic Fever with Renal Syndrome, with mortality typically under 15%. New World strains in the Americas cause Hantavirus Pulmonary Syndrome, which targets the lungs and kills near 38% of respiratory cases. 

Symptoms begin one to eight weeks after exposure, starting as flu-like illness with fever, fatigue, and deep muscle ache",,§ 05 ICP Lanes — Lane 9 — RPM service-company partners / digital-health vendors,"§ 03 Signals (HIGHEST intent) — posts mentioning 'uncontrolled hypertension', 'hypertension management', 'BP control' surface Track A clinical buyers actively managing chronic-care panels.","§ 06 Comment Reply Framework Angle 1 — 'validate-and-reframe' for venting posts. Acknowledge the operational pain, reframe through the between-visit-gap lens.",(no specific § 07 messaging anchor cited in this draft),"John Webb (John Webb MD, DC, MBA, MPH - Occupational Medicine Physician | Workers’ Comp & Concussion Specialist | IME & Expert Witness | Founder, OccMedMD & HealthFirst-STL | Functional & Longevity Medicine, St Louis, MO) maps to Lane 9 — RPM service-company partners / digital-health vendors [PARTNER-CHANNEL]. The post itself anchors BP — a direct topical signal per § 04 Keyword Clusters, so engagement reads as joining an in-progress Cardiowell-relevant conversation rather than a forced pivot. Comment uses 'validate-and-reframe' for venting posts. Acknowledge the operational pain, reframe through the between-visit-gap lens. Discovery vector: 'Family Medicine physician small group' via the unipile_people/title_search channel. Verdict: CLEAN — post itself anchors a Cardiowell topic.","Practicing physician, founder in occupational medicine, possible buyer in medical practice category",author shares direct expertise as a physician on a public health event relevant to workplace safety,"author’s own public-health explainer, not analyst or press-release summary",inline_icp_qualified — icp_scoring skipped,1,0,0,yes,yes
"Run e5db6e23 (KEYWORD-ONLY, 2026-05-13 12:37)",6a047071222bb47a3ed3e38d,drafted,Lane 9 — RPM service-company partners / digital-health vendors,PARTNER-CHANNEL,"Dr. Monique May, MD, MHA","Founder, Physician In The Kitchen® | Board-Certified Family Physician | Plant-Based Advocate | Host of Doc Fix My Plate (930K+ Views) | Best-Selling Author | Vegan Worcestershire Sauce Creator | Speaker and Coach",Charlotte Metro,"May Medical Consulting, PLLC",https://www.linkedin.com/in/drmoniquemay,https://www.linkedin.com/posts/drmoniquemay_when-the-doctor-becomes-the-patient-my-diagnosis-activity-7459937738130309120-75Bz,2026-05-12 12:09:15.711000,BP,BP,CLEAN — post itself anchors a Cardiowell topic,tier_1_kw,keyword_topical,hypertension control,"For years, I managed what I thought I understood well... high blood pressure.

As a physician, I followed the guidelines, adjusted my lifestyle, and took medications as prescribed. But despite everything, my blood pressure remained difficult to control.

What I eventually discovered changed not only my treatment plan, but the way I now approach resistant hypertension in my own patients.

In this first part of my story, I share:
 • What “resistant hypertension” can look like in real life
 • Why normal approaches sometimes aren’t enough
 • How my journey led to a deeper search for answers
 • The moment I realized we needed to look beyond the obvious

WATCH HERE ▶️  https://lnkd.in/exF9Sc2S

This is Part 1 of a 4-part series where I walk through the diagnosis, testing process, and what I learned as both a physician and a patient.

If you or someone you know is dealing with high blood pressure that “doesn’t quite add up,” this series may be especially important.

More coming in Part 2.

#Hypertension #BloodPressure #HeartHealth #ResistantHypertension #PhysicianPerspective #PatientStory #PreventiveHealth","Resistant hypertension is one of the quiet failure modes nobody screens for early, because office readings can hide what is happening in the 23 hours patients are not in front of you. With roughly 120 million Americans living with hypertension and only about 24% controlled, the biggest miss is often the between visit pattern, not the next med change. The clinicians who get to the root cause fastest are usually the ones who graduate from episodic measurement to home trend validation and adherence context before labeling someone truly resistant. Worth building that longitudinal BP picture before escalating therapy again, not after the fourth medication is already on board.",§ 05 ICP Lanes — Lane 9 — RPM service-company partners / digital-health vendors,"§ 03 Signals (HIGHEST intent) — posts mentioning 'uncontrolled hypertension', 'hypertension management', 'BP control' surface Track A clinical buyers actively managing chronic-care panels.","§ 06 Comment Reply Framework Angle 1 — 'validate-and-reframe' for venting posts. Acknowledge the operational pain, reframe through the between-visit-gap lens.",§ 07 Messaging Anchors — 'Approximately 120 million Americans have hypertension. Only about 24 percent have BP under control. Uncontrolled hypertension costs the US healthcare system about $131 billion per year.',"Dr. Monique May, MD, MHA (Founder, Physician In The Kitchen® | Board-Certified Family Physician | Plant-Based Advocate | Host of Doc Fix My Plate (930K+ Views) | Best-Selling Author | Vegan Worcestershire Sauce Creator | Speaker and Coach, Charlotte Metro) maps to Lane 9 — RPM service-company partners / digital-health vendors [PARTNER-CHANNEL]. The post itself anchors BP — a direct topical signal per § 04 Keyword Clusters, so engagement reads as joining an in-progress Cardiowell-relevant conversation rather than a forced pivot. Comment uses 'validate-and-reframe' for venting posts. Acknowledge the operational pain, reframe through the between-visit-gap lens. Anchor cited: § 07 Messaging Anchors — 'Approximately 120 million Americans have hypertension. Only about 24 percent have BP under control. Uncontrolled hypertension costs the US healthcare system about $131 billion per year.' Discovery vector: 'hypertension control' via the tier_1_kw/keyword_topical channel. Verdict: CLEAN — post itself anchors a Cardiowell topic.","family physician, medical consulting lead—possible buyer",direct_expertise,"author shares personal physician-patient story, not analyst research",,3,2,1,yes,—
"Run e5db6e23 (KEYWORD-ONLY, 2026-05-13 12:37)",6a047071222bb47a3ed3e38d,drafted,Lane 9 — RPM service-company partners / digital-health vendors,PARTNER-CHANNEL,"Kaisa Schmitz, DO",Founder + CEO + Board-Certified Family Medicine and Obesity Medicine Physician @ Revive Health Medical Weight Loss & Wellness,"Lakeville, Minnesota, United States",,https://www.linkedin.com/in/kaisa-schmitz-do-39022b1b1,https://www.linkedin.com/posts/kaisa-schmitz-do-39022b1b1_some-patients-keep-weight-off-with-fewer-activity-7459908987552190465-bGwy,2026-05-12 10:15:01.039000,BP,BP,CLEAN — post itself anchors a Cardiowell topic,tier_1_kw,keyword_topical,blood pressure management,"A small but interesting study published in Obesity is beginning to explore an important question many patients ask when starting GLP-1 medications:
“Will I have to take this every week forever?”
In this case series of 34 patients who had already achieved significant weight loss with GLP-1 therapy, some individuals were able to maintain weight loss and metabolic improvements while spacing injections beyond the standard weekly schedule.
At 36 weeks of follow-up:
 • Most patients maintained their weight loss
 • Blood pressure and blood glucose improvements persisted
 • Additional weight lost came primarily from fat rather than lean muscle mass
Patients followed several reduced-frequency schedules, including injections every other week, every 10–14 days, and in a few cases even longer intervals.
While this study is small and observational—and certainly not practice-changing on its own—it raises an important concept:
Chronic treatment does not necessarily mean maximal dosing indefinitely.
For many patients, the long-term goal of obesity treatment is not simply weight loss, but metabolic stability and sustainable health behaviors. As patients build nutrition, movement, sleep, and stress-","Reduced frequency GLP 1 maintenance is the cleanest test of long term obesity care because it forces measurement to shift from weekly dosing adherence to metabolic stability between visits. The part most teams miss is that blood pressure drift and early regain usually show up in the 30 to 90 day gaps, when there is little structured monitoring and no clean read on who is actually staying controlled. With roughly 120 million hypertensive Americans and only about 24% controlled, maintenance protocols need tighter tracking of BP, weight, and symptoms than the office schedule can provide on its own. Worth defining the monitoring cadence before you taper the injection cadence, not after variability shows up in follow up.",§ 05 ICP Lanes — Lane 9 — RPM service-company partners / digital-health vendors,"§ 03 Signals (HIGHEST intent) — posts mentioning 'uncontrolled hypertension', 'hypertension management', 'BP control' surface Track A clinical buyers actively managing chronic-care panels.",§ 06 Comment Reply Framework Angle 3 — 'go-direct' for explicit advice-seeking posts where the thread invites a product mention. Cardiowell name allowed here.,§ 07 Messaging Anchors — 'Approximately 120 million Americans have hypertension. Only about 24 percent have BP under control. Uncontrolled hypertension costs the US healthcare system about $131 billion per year.',"Kaisa Schmitz, DO (Founder + CEO + Board-Certified Family Medicine and Obesity Medicine Physician @ Revive Health Medical Weight Loss & Wellness, Lakeville, Minnesota, United States) maps to Lane 9 — RPM service-company partners / digital-health vendors [PARTNER-CHANNEL]. The post itself anchors BP — a direct topical signal per § 04 Keyword Clusters, so engagement reads as joining an in-progress Cardiowell-relevant conversation rather than a forced pivot. Comment uses 'go-direct' for explicit advice-seeking posts where the thread invites a product mention. Cardiowell name allowed here. Anchor cited: § 07 Messaging Anchors — 'Approximately 120 million Americans have hypertension. Only about 24 percent have BP under control. Uncontrolled hypertension costs the US healthcare system about $131 billion per year.' Discovery vector: 'blood pressure management' via the tier_1_kw/keyword_topical channel. Verdict: CLEAN — post itself anchors a Cardiowell topic.",in-industry buyer; founder & CEO at medical weight loss practice aligns with operator's target buyers,"direct_expertise — detailed review of a study with practical implications for medication management in obesity treatment, relevant to health/B2B fields related to pharma/medtech.",author adds their own interpretation of a small study rather than mainly summarizing analyst research,,10,1,2,yes,—
"Run e5db6e23 (KEYWORD-ONLY, 2026-05-13 12:37)",6a047071222bb47a3ed3e38d,drafted,Lane 9 — RPM service-company partners / digital-health vendors,PARTNER-CHANNEL,"Mark Hagen, DO","Founder, Firebird Direct Primary Care",United States,Firebird Direct Primary Care,https://www.linkedin.com/in/mark-hagen-do-50027638a,https://www.linkedin.com/posts/mark-hagen-do-50027638a_heres-a-healthcare-combo-most-people-havent-activity-7459902302951198721-xcfq,2026-05-12 09:48:27.306000,"BP, VBC","BP, CPT, PRACTICE",CLEAN — post itself anchors a Cardiowell topic,tier_1_kw,keyword_topical,hypertension management,"Here's a healthcare combo most people haven't considered.

DPC membership + a high-deductible health plan.

Let me show you how the math works for a real family scenario:

Traditional route:
→ $800/month family insurance premium
→ $40 copay every visit
→ 3-week wait to get in
→ $1,700-$8,500 individual/ $3,400-$17,000 family deductible before insurance kicks in

Firebird DPC route:
→ Low monthly Firebird membership fee
→ $0 copay, ever
→ Same-day or next-day appointments
→ Lower monthly premium on a high-deductible plan
→ Catastrophic coverage still in place for big events

For many families, the DPC route comes out AHEAD financially — and the care experience is dramatically better.

Your membership covers the things you actually use every year:
✔️ Sick visits
✔️ Annual physicals
✔️ Chronic disease management (diabetes, hypertension, thyroid, etc.)
✔️ Minor procedures done in-office
✔️ Prescription management

Your insurance is there if something big happens.

Together, it's a smarter, more affordable system.

If you want to run the numbers for your specific situation, reach out. I'm happy to walk through it with you.

🌐 firebirdpc.com | Serving Worthington, Powell, Westerville, Du","DPC plus a high deductible plan is the cleanest test of primary care economics because it puts routine care where the family actually uses healthcare, and keeps insurance for low frequency high cost events. The operational gap shows up once chronic disease management becomes more than office visits, since hypertension and diabetes do not flare on the schedule, and the between visit work is where most fee for service models lose both outcomes and reimbursement. With only about 24% of the 120 million Americans with hypertension controlled, the practices that win are the ones that build the monitoring and follow up layer into the membership model, not after utilization starts drifting.",§ 05 ICP Lanes — Lane 9 — RPM service-company partners / digital-health vendors,"§ 03 Signals (HIGHEST intent) — posts mentioning 'uncontrolled hypertension', 'hypertension management', 'BP control' surface Track A clinical buyers actively managing chronic-care panels., § 03 Signals (MODERATE-HIGH) — 'value-based care', 'MSSP', 'ACO REACH', 'shared savings' signal Lane 6 (ACOs) and Lane 7 (MSOs/clinically integrated networks).","§ 06 Comment Reply Framework Angle 1 — 'validate-and-reframe' for venting posts. Acknowledge the operational pain, reframe through the between-visit-gap lens.",§ 07 Messaging Anchors — 'Approximately 120 million Americans have hypertension. Only about 24 percent have BP under control. Uncontrolled hypertension costs the US healthcare system about $131 billion per year.',"Mark Hagen, DO (Founder, Firebird Direct Primary Care, United States) maps to Lane 9 — RPM service-company partners / digital-health vendors [PARTNER-CHANNEL]. The post itself anchors BP, VBC — a direct topical signal per § 04 Keyword Clusters, so engagement reads as joining an in-progress Cardiowell-relevant conversation rather than a forced pivot. Comment uses 'validate-and-reframe' for venting posts. Acknowledge the operational pain, reframe through the between-visit-gap lens. Anchor cited: § 07 Messaging Anchors — 'Approximately 120 million Americans have hypertension. Only about 24 percent have BP under control. Uncontrolled hypertension costs the US healthcare system about $131 billion per year.' Discovery vector: 'hypertension management' via the tier_1_kw/keyword_topical channel. Verdict: CLEAN — post itself anchors a Cardiowell topic.","Practice owner, DPC, chronic disease (hypertension) mgmt",author describes own healthcare model and financials (direct_expertise),author's own promotional explanation of DPC pricing,,0,0,0,yes,—
"Run e5db6e23 (KEYWORD-ONLY, 2026-05-13 12:37)",6a047071222bb47a3ed3e38d,drafted,Lane 9 — RPM service-company partners / digital-health vendors,PARTNER-CHANNEL,"Tarpan Patel, MD, FACC, RPVI","Physician-Operator | Interventional & Preventive Cardiologist | Leveraging AI to Optimize Cardiovascular Outcomes | Advisor to ASC, PE & Healthcare Growth Platforms l Investor",Greater Phoenix Area,Chaanakya Capital,https://www.linkedin.com/in/tarpan-patel-md-facc-rpvi-69090863,https://www.linkedin.com/posts/tarpan-patel-md-facc-rpvi-69090863_i-noticed-something-in-my-whoop-data-i-wasnt-activity-7459973259615195137-6PA-,2026-05-12 14:30:24.693000,"BP, RPM","BP, RPM",CLEAN — post itself anchors a Cardiowell topic,tier_2_kw,keyword_topical,preventive cardiology,"I noticed something in my WHOOP data I wasn't expecting.

My best recovery scores aren't on the days I sleep eight hours, eat clean, and skip the workout.

They're on the days I have dinner with friends.

Not every time. Not perfectly. But the pattern is consistent enough to notice: HRV trends up on social days. Resting HR drops. Sleep efficiency improves the night after. None of which I optimized for. None of which appears on a wellness checklist.

As a cardiologist, this shouldn't surprise me. It does anyway.

The data on social connection and cardiovascular health has been there for years. Loneliness carries a mortality risk comparable to smoking. Social isolation predicts cardiovascular events independent of most other measured risk factors. The Surgeon General declared it a public health emergency in 2023.

And yet I don't recommend dinner with friends to my patients. I recommend statins, exercise, sleep hygiene. The intervention with one of the strongest population-level associations to cardiovascular outcomes — I leave on the table because it doesn't fit a prescription pad.

Which brings me to something I've been thinking about since I posted about taking a rest day last wee","Dinner with friends is the cleanest test of preventive cardiology blind spots because it improves the physiology without looking like an intervention. The hard part in clinic is that we still reward what fits a prescription pad, even though social isolation carries a mortality signal on par with smoking and hypertension control is still only around 24% across roughly 120 million Americans with high blood pressure. Wearables may finally give this category a way to move from soft advice to something clinicians can actually track longitudinally. Worth measuring which nonpharmacologic behaviors change resting heart rate, HRV, and adherence over 90 days before writing them off as too soft to operationalize.",§ 05 ICP Lanes — Lane 9 — RPM service-company partners / digital-health vendors,"§ 03 Signals (HIGHEST intent) — posts mentioning 'uncontrolled hypertension', 'hypertension management', 'BP control' surface Track A clinical buyers actively managing chronic-care panels., § 03 Signals (HIGHEST intent) — posts about 'RPM program', 'remote patient monitoring', 'remote BP monitoring' surface operational buyers actively evaluating or running RPM.",§ 06 Comment Reply Framework Angle 3 — 'go-direct' for explicit advice-seeking posts where the thread invites a product mention. Cardiowell name allowed here.,§ 07 Messaging Anchors — 'Approximately 120 million Americans have hypertension. Only about 24 percent have BP under control. Uncontrolled hypertension costs the US healthcare system about $131 billion per year.',"Tarpan Patel, MD, FACC, RPVI (Physician-Operator | Interventional & Preventive Cardiologist | Leveraging AI to Optimize Cardiovascular Outcomes | Advisor to ASC, PE & Healthcare Growth Platforms l Investor, Greater Phoenix Area) maps to Lane 9 — RPM service-company partners / digital-health vendors [PARTNER-CHANNEL]. The post itself anchors BP, RPM — a direct topical signal per § 04 Keyword Clusters, so engagement reads as joining an in-progress Cardiowell-relevant conversation rather than a forced pivot. Comment uses 'go-direct' for explicit advice-seeking posts where the thread invites a product mention. Cardiowell name allowed here. Anchor cited: § 07 Messaging Anchors — 'Approximately 120 million Americans have hypertension. Only about 24 percent have BP under control. Uncontrolled hypertension costs the US healthcare system about $131 billion per year.' Discovery vector: 'preventive cardiology' via the tier_2_kw/keyword_topical channel. Verdict: CLEAN — post itself anchors a Cardiowell topic.",Practicing interventional & preventive cardiologist with operator-fit title and industry,author is a cardiologist sharing data from their own wearable and clinical experience,"author’s own reflection on social connection and recovery, with research only as supporting context",,14,3,0,yes,—
"Run e5db6e23 (KEYWORD-ONLY, 2026-05-13 12:37)",6a047071222bb47a3ed3e38d,drafted,Lane 9 — RPM service-company partners / digital-health vendors,PARTNER-CHANNEL,Vimal George,"Physician, Author, TEDx Speaker, Blogger, Founder CME Travel Academy","Austin, Texas, United States",The Austin Diagnostic Clinic,https://www.linkedin.com/in/vimal-george-71b1061b,https://www.linkedin.com/posts/vimal-george-71b1061b_the-soul-trial-changes-everything-oral-semaglutide-activity-7459068089440043008-cKns,2026-05-10 02:33:35.306000,"BP, PRACTICE","BP, PRACTICE",CLEAN — post itself anchors a Cardiowell topic,tier_1_kw,keyword_topical,hypertension control,"The SOUL trial results stopped me in my tracks when I first read them.

Oral semaglutide — a pill — reducing major cardiovascular events by 14% in high-risk type 2 diabetes patients. A 26% reduction in nonfatal MI. Nearly 10,000 patients. 47 months of follow-up.

This isn't a glucose-lowering drug anymore. It's a cardiovascular intervention in pill form.

And the 2026 ADA Standards of Care reflects exactly that — GLP-1 receptor agonists are now recommended irrespective of HbA1c in patients with established ASCVD or high CV risk.

For those of us in primary care, this changes the conversation with our highest-risk patients. It's not ""do you need better blood sugar control?"" — it's ""how do we protect your heart?""

I wrote a full clinical breakdown for the CME Travel Academy blog covering:
- SOUL trial design & key outcomes
- What the 2026 ADA guideline update means in practice
- Which patients to prioritize
- Practical prescribing considerations

Read it here: https://lnkd.in/g6WUq-QD

We're also covering T2D, hypertension, heart failure, CKD & more at our upcoming accredited CME conferences:
Disney World, Orlando — July 17-18, 2026
New York City — October 12-13, 2026
AAFP Prescribed","Where oral semaglutide usually breaks down is the handoff from a strong cardiovascular trial result to what actually changes in a 15 minute primary care visit. A 14% MACE reduction matters, but the operational miss is that the highest risk T2D patients still spend 29 to 59 days between touchpoints, which is where uncontrolled BP, side effects, and adherence drift hide. With roughly 120 million Americans living with hypertension and only about 24% controlled, the cardiometabolic upside is won or lost between visits, not at the moment of prescribing. Worth building the follow up loop around the ASCVD plus T2D cohort before writing patterns broaden, not after inertia sets in.",§ 05 ICP Lanes — Lane 9 — RPM service-company partners / digital-health vendors,"§ 03 Signals (HIGHEST intent) — posts mentioning 'uncontrolled hypertension', 'hypertension management', 'BP control' surface Track A clinical buyers actively managing chronic-care panels.",§ 06 Comment Reply Framework Angle 3 — 'go-direct' for explicit advice-seeking posts where the thread invites a product mention. Cardiowell name allowed here.,§ 07 Messaging Anchors — 'Approximately 120 million Americans have hypertension. Only about 24 percent have BP under control. Uncontrolled hypertension costs the US healthcare system about $131 billion per year.',"Vimal George (Physician, Author, TEDx Speaker, Blogger, Founder CME Travel Academy, Austin, Texas, United States) maps to Lane 9 — RPM service-company partners / digital-health vendors [PARTNER-CHANNEL]. The post itself anchors BP, PRACTICE — a direct topical signal per § 04 Keyword Clusters, so engagement reads as joining an in-progress Cardiowell-relevant conversation rather than a forced pivot. Comment uses 'go-direct' for explicit advice-seeking posts where the thread invites a product mention. Cardiowell name allowed here. Anchor cited: § 07 Messaging Anchors — 'Approximately 120 million Americans have hypertension. Only about 24 percent have BP under control. Uncontrolled hypertension costs the US healthcare system about $131 billion per year.' Discovery vector: 'hypertension control' via the tier_1_kw/keyword_topical channel. Verdict: CLEAN — post itself anchors a Cardiowell topic.",Primary care physician at target medical group,direct_expertise,"author’s own clinical take with a link to their breakdown, not primarily analyst reportage",,0,0,0,yes,—
"Run 50ddab70 (RULE 24 + keyword, 2026-05-13 12:16)",6a046ba035904903df6850b1,drafted,Lane 9 — RPM service-company partners / digital-health vendors,PARTNER-CHANNEL,Corina B. C.,TEDx Speaker | Evidence Based-Transformational Leader | Leader who drives results and mobilizes teams | Strategy | Emphasis on Collaboration & Team Culture,San Francisco Bay Area,,https://www.linkedin.com/in/corinaclark,https://www.linkedin.com/posts/corinaclark_geisummit2026-techcefacos-globalinclusion-activity-7458929720718426112-sP8D,2026-05-09 17:23:45.632000,—,BP,FORCED — comment grafts Cardiowell anchor onto unrelated post (lower-fidelity engagement),unipile_people,title_search,DO hospital,"I am honored to be speaking at the Global Empowerment & Inclusion Summit 2026 on 21 May at the Palais des Nations, United Nations Geneva, Room VIII.

Convened by TechCeFaCos Group (ECOSOC Consultative Status since 2013), this international summit brings together global voices across leadership, health, justice, innovation, education, diplomacy and inclusion under the theme:

“From Voices to Vision: Health, Justice, Innovation & Inclusion in Action”

I am proud to contribute to this important global dialogue and to stand alongside leaders committed to practical solutions, sustainable development, and inclusive progress.

Thanks to TechCeFaCos Patron Bernie Davies  and Founder of Strategic Knowledge partners, Mastering Diversity CIC Wales for the opportunity.

Because real inclusion must move beyond conversation into action. 🌟

#GEISummit2026
#TechCeFaCos
#GlobalInclusion
#Leadership
#Innovation
#Equity
#SDGs
#Geneva
#PalaisDesNations
#WeGoTogetherOrNotAtAll","Where global health and inclusion conversations usually break down is the handoff from summit language to operational measurement inside care delivery. In hypertension alone, 120 million Americans carry the diagnosis, only about 24% are controlled, and the between visit monitoring gap is where equity rhetoric usually meets clinical reality. The systems that make progress are the ones that define the 2 or 3 care processes they want to move before the event starts, then measure them 90 days later, not after the applause fades.",§ 05 ICP Lanes — Lane 9 — RPM service-company partners / digital-health vendors,"§ 03 Signals (HIGHEST intent) — posts mentioning 'uncontrolled hypertension', 'hypertension management', 'BP control' surface Track A clinical buyers actively managing chronic-care panels.","§ 06 Comment Reply Framework Angle 1 — 'validate-and-reframe' for venting posts. Acknowledge the operational pain, reframe through the between-visit-gap lens.",§ 07 Messaging Anchors — 'Approximately 120 million Americans have hypertension. Only about 24 percent have BP under control. Uncontrolled hypertension costs the US healthcare system about $131 billion per year.',"Corina B. C. (TEDx Speaker | Evidence Based-Transformational Leader | Leader who drives results and mobilizes teams | Strategy | Emphasis on Collaboration & Team Culture, San Francisco Bay Area) maps to Lane 9 — RPM service-company partners / digital-health vendors [PARTNER-CHANNEL]. The post does not anchor Cardiowell topics directly, but the drafted comment pivots to BP — a forced-anchor engagement. Review the post in-thread before posting; consider commenting in a tone closer to § 06 CR Framework Angle 1 (validate-and-reframe) rather than dropping the stat. Comment uses 'validate-and-reframe' for venting posts. Acknowledge the operational pain, reframe through the between-visit-gap lens. Anchor cited: § 07 Messaging Anchors — 'Approximately 120 million Americans have hypertension. Only about 24 percent have BP under control. Uncontrolled hypertension costs the US healthcare system about $131 billion per year.' Discovery vector: 'DO hospital' via the unipile_people/title_search channel. Verdict: FORCED — comment grafts Cardiowell anchor onto unrelated post (lower-fidelity engagement).",company unknown and no buyer-indicative title or healthcare context,conference_mention,"personal event announcement and viewpoint, not analyst summary",inline_icp_qualified — icp_scoring skipped,197,29,4,yes,yes
"Run 50ddab70 (RULE 24 + keyword, 2026-05-13 12:16)",6a046ba035904903df6850b1,drafted,Lane 9 — RPM service-company partners / digital-health vendors,PARTNER-CHANNEL,Nived Narayanan,"Founder & CEO, Nirva Health| Building the delivery system for lifestyle medicine | 50,000+ lives","San Francisco, CA",,https://www.linkedin.com/in/nivednarayanan,https://www.linkedin.com/posts/nivednarayanan_mentalhealthawarenessweek-healthcareinnovation-activity-7457784363330584577-b10c,2026-05-06 13:32:31.151000,—,"BP, CPT",FORCED — comment grafts Cardiowell anchor onto unrelated post (lower-fidelity engagement),unipile_people,title_search,Founder health system,"Mental health spending in most developed economies has tripled in the last decade.

Anxiety and depression rates have not fallen.

This isn't a clinical observation. It's an operator's one. 

As founders building in healthcare, we have to be honest about the gap between input and outcome.
We've added more apps, more therapists, more medication, more awareness campaigns. The downstream numbers haven't moved.

Something in the delivery model is broken, not the science.

This Mental Health Awareness Week, the conversation worth having isn't whether mental health matters. We've won that one. It's whether the systems we've built around it are actually structured to deliver outcomes, or just to deliver services.

That's the harder question. And it's the one we're trying to answer at Nirva.

#MentalHealthAwarenessWeek #HealthcareInnovation #DigitalHealth","Mental health spending is the cleanest test of delivery model failure because inputs have scaled for a decade while remission, relapse, and functional recovery have barely budged. The operator mistake is counting visits, app engagement, or covered lives as progress when the real signal sits between visits, in whether symptoms are changing fast enough to trigger a treatment adjustment before the next scheduled touchpoint. In chronic care you see the same pattern, 20 minutes of structured follow up per patient per month can change outcomes and reimbursement at the same time, but only if the workflow captures deterioration early instead of documenting it late. Worth instrumenting the between visit layer before adding more services, not after another year of spend tells you the model still is not moving outcomes.",§ 05 ICP Lanes — Lane 9 — RPM service-company partners / digital-health vendors,"§ 03 Signals (HIGHEST intent) — posts mentioning 'uncontrolled hypertension', 'hypertension management', 'BP control' surface Track A clinical buyers actively managing chronic-care panels., § 03 Signals (HIGHEST intent) — posts mentioning CPT 99457/99458/99454, 'remote monitoring reimbursement', or 'uncaptured CPT revenue' indicate Track C finance audiences alert to revenue capture.","§ 06 Comment Reply Framework Angle 1 — 'validate-and-reframe' for venting posts. Acknowledge the operational pain, reframe through the between-visit-gap lens.",§ 07 Messaging Anchors — 'The between-visit monitoring gap is the structural reason BP goes uncontrolled. Most hypertensive patients are seen 2-3 times a year; everything in between is largely invisible.',"Nived Narayanan (Founder & CEO, Nirva Health| Building the delivery system for lifestyle medicine | 50,000+ lives, San Francisco, CA) maps to Lane 9 — RPM service-company partners / digital-health vendors [PARTNER-CHANNEL]. The post does not anchor Cardiowell topics directly, but the drafted comment pivots to BP, CPT — a forced-anchor engagement. Review the post in-thread before posting; consider commenting in a tone closer to § 06 CR Framework Angle 1 (validate-and-reframe) rather than dropping the stat. Comment uses 'validate-and-reframe' for venting posts. Acknowledge the operational pain, reframe through the between-visit-gap lens. Anchor cited: § 07 Messaging Anchors — 'The between-visit monitoring gap is the structural reason BP goes uncontrolled. Most hypertensive patients are seen 2-3 times a year; everything in between is largely invisible.' Discovery vector: 'Founder health system' via the unipile_people/title_search channel. Verdict: FORCED — comment grafts Cardiowell anchor onto unrelated post (lower-fidelity engagement).",competitor / parallel-vendor,direct_expertise—the author frames the issue as a healthcare founder/operator addressing a delivery gap with their company (Nirva),author’s own operator perspective on mental health delivery,inline_icp_qualified — icp_scoring skipped,8,1,0,yes,yes
"Run 50ddab70 (RULE 24 + keyword, 2026-05-13 12:16)",6a046ba035904903df6850b1,gate_passed,Lane 9 — RPM service-company partners / digital-health vendors,PARTNER-CHANNEL,John Webb,"John Webb MD, DC, MBA, MPH - Occupational Medicine Physician | Workers’ Comp & Concussion Specialist | IME & Expert Witness | Founder, OccMedMD & HealthFirst-STL | Functional & Longevity Medicine","St Louis, MO",,https://www.linkedin.com/in/john-webb-md,https://www.linkedin.com/posts/john-webb-md_the-evolution-of-the-lunchbox-there-was-activity-7458108377173483520-d1fM,2026-05-07 11:00:02.071000,—,—,OFF-TOPIC — neither post nor comment anchors a Cardiowell topic (review before engaging),unipile_people,title_search,Family Medicine physician small group,"The Evolution of the Lunchbox

There was a time when showing up to work meant one thing: be tough enough to get through it.
A metal lunchbox, a thermos, and a mindset that said, “just push through.”
No one discussed strain or fatigue, and injuries were part of the job.

Today looks different. Not because the work is easier, but because we’re smarter about protecting the people doing it.

Now we recognize the benefits and see the date for ergonomic support, heat management, and early symptom intervention.

Systems designed to prevent problems before they become permanent.
Because the goal isn’t just to get through the day, it’s to go home whole and be ready to do it again tomorrow.

Hard work hasn’t changed, but how we take care of the people doing it has.
That is what we focus on in occupational medicine. Providing the best in prevention and care for workers.",,§ 05 ICP Lanes — Lane 9 — RPM service-company partners / digital-health vendors,(no specific HIGHEST-intent signal — engagement leans on lane fit and ICP rubric),"§ 06 Comment Reply Framework Angle 1 — 'validate-and-reframe' for venting posts. Acknowledge the operational pain, reframe through the between-visit-gap lens.",(no specific § 07 messaging anchor cited in this draft),"John Webb (John Webb MD, DC, MBA, MPH - Occupational Medicine Physician | Workers’ Comp & Concussion Specialist | IME & Expert Witness | Founder, OccMedMD & HealthFirst-STL | Functional & Longevity Medicine, St Louis, MO) maps to Lane 9 — RPM service-company partners / digital-health vendors [PARTNER-CHANNEL]. Neither post nor comment surfaces a Cardiowell topical anchor. This is the weakest-fidelity entry in the set — likely the gate accepted the author's in-industry profile despite the post being off-topic. Manual review recommended. Comment uses 'validate-and-reframe' for venting posts. Acknowledge the operational pain, reframe through the between-visit-gap lens. Discovery vector: 'Family Medicine physician small group' via the unipile_people/title_search channel. Verdict: OFF-TOPIC — neither post nor comment anchors a Cardiowell topic (review before engaging).",ICP physician discussing clinical practice,direct_expertise,"author's own perspective on workplace health, not analyst summary",inline_icp_qualified — icp_scoring skipped,1,1,0,yes,yes
"Run 50ddab70 (RULE 24 + keyword, 2026-05-13 12:16)",6a046ba035904903df6850b1,gate_passed,Lane 9 — RPM service-company partners / digital-health vendors,PARTNER-CHANNEL,Michelle Malcolmson,Lifestyle Precision Medicine,San Francisco Bay Area,,https://www.linkedin.com/in/activity-7458235580741726208-e-sv,https://www.linkedin.com/posts/activity-7458235580741726208-e-sv,2026-05-07 19:25:29.765000,—,—,OFF-TOPIC — neither post nor comment anchors a Cardiowell topic (review before engaging),unipile_people,title_search,Family Medicine physician small group,"What an incredible evening at SFMOMA celebrating women founders! 🎨
I was there to celebrate my dear friend and colleague Dr. Alexandra Haessler, who was featured for the company she founded, FemPulse. Watching her be recognized for the bold, important work she's building was a true highlight — she's a force, and FemPulse is going to change lives.
Surrounded by extraordinary art and even more extraordinary women, the energy in the room was electric — full of bold ideas, hard-won wisdom, and the kind of generous mentorship that makes our community so powerful. There's something special about gathering in a space dedicated to creativity and vision. It's a fitting backdrop for women who are creating something from nothing, turning ideas into impact, and lifting each other up along the way.
Congratulations, Alexandra — so proud of you! And grateful to everyone who organized this beautiful evening. When women support women, we don't just rise — we transform what's possible.
#WomenFounders #FemPulse #SFMOMA #WomenInHealthcare #WomenSupportingWomen",,§ 05 ICP Lanes — Lane 9 — RPM service-company partners / digital-health vendors,(no specific HIGHEST-intent signal — engagement leans on lane fit and ICP rubric),"§ 06 Comment Reply Framework Angle 1 — 'validate-and-reframe' for venting posts. Acknowledge the operational pain, reframe through the between-visit-gap lens.",(no specific § 07 messaging anchor cited in this draft),"Michelle Malcolmson (Lifestyle Precision Medicine, San Francisco Bay Area) maps to Lane 9 — RPM service-company partners / digital-health vendors [PARTNER-CHANNEL]. Neither post nor comment surfaces a Cardiowell topical anchor. This is the weakest-fidelity entry in the set — likely the gate accepted the author's in-industry profile despite the post being off-topic. Manual review recommended. Comment uses 'validate-and-reframe' for venting posts. Acknowledge the operational pain, reframe through the between-visit-gap lens. Discovery vector: 'Family Medicine physician small group' via the unipile_people/title_search channel. Verdict: OFF-TOPIC — neither post nor comment anchors a Cardiowell topic (review before engaging).","company unknown, no clear buyer signal",Personal narrative from ICP-fit author; post celebrates an operator in healthcare and connects to topics like women founders and innovation.,"personal event recap and congratulations, not analyst or press-release summary",inline_icp_qualified — icp_scoring skipped,21,2,0,yes,yes
"Run 50ddab70 (RULE 24 + keyword, 2026-05-13 12:16)",6a046ba035904903df6850b1,drafted,Lane 9 — RPM service-company partners / digital-health vendors,PARTNER-CHANNEL,Neymar Lima,Founder and owner da MedStation e do Hospital IOP | Médico e Empreendedor na Área da Saúde | Construindo “A Clínica do Brasileiro no Mundo”,Miami-Fort Lauderdale Area,,https://www.linkedin.com/in/drneymarlima,https://www.linkedin.com/posts/drneymarlima_drneymarlima-empreendedorismo-carreiras-activity-7458495471272144897-e93I,2026-05-08 12:38:12.496000,—,—,OFF-TOPIC — neither post nor comment anchors a Cardiowell topic (review before engaging),unipile_people,title_search,DO hospital,"Mudar de país não é um evento isolado. É uma transição de categoria de vida que exige uma abordagem em três pilares fundamentais:

1 - Pilar Estratégico: Onde o planejamento familiar e migratório se fundem. Não se trata apenas de vistos, mas de alinhar as expectativas de cada membro da família para evitar crises emocionais que destroem lares no exterior.

2 - Pilar Econômico: Envolve a blindagem financeira e o planejamento fiscal rigoroso. O erro de não conhecer a carga tributária americana ou de manter ativos apenas em reais pode custar gerações de patrimônio.

3 - Pilar Empresarial: É a transição da identidade pessoal para um modelo de negócio escalável. Nos EUA, o sucesso exige proteção intelectual e um Business Plan desenhado sob a ótica do mercado norte-americano, e não apenas replicando fórmulas brasileiras que não funcionam por aqui.

Aprendi na dor, perdendo centenas de milhares de dólares por falta de planejamento inicial. Hoje, entendo que a imigração de sucesso é previsível quando você para de agir pelo ""encantamento"" e começa a agir pela estratégia.

Se você busca liberdade e segurança, o seu próximo passo não pode ser um salto no escuro. No meu perfil, compartilho sema","Family expectation misalignment is one of the quiet failure modes nobody screens for early, and it usually does more damage than the visa timeline itself. The expensive part is that the breakdown often shows up 6 to 12 months after the move, when tax exposure, cash flow pressure, and role confusion inside the family all compound at once. Founders making this transition should pressure test the family plan, the state tax plan, and the operating model together before filing anything, not after money is already in motion.",§ 05 ICP Lanes — Lane 9 — RPM service-company partners / digital-health vendors,(no specific HIGHEST-intent signal — engagement leans on lane fit and ICP rubric),§ 06 Comment Reply Framework Angle 3 — 'go-direct' for explicit advice-seeking posts where the thread invites a product mention. Cardiowell name allowed here.,(no specific § 07 messaging anchor cited in this draft),"Neymar Lima (Founder and owner da MedStation e do Hospital IOP | Médico e Empreendedor na Área da Saúde | Construindo “A Clínica do Brasileiro no Mundo”, Miami-Fort Lauderdale Area) maps to Lane 9 — RPM service-company partners / digital-health vendors [PARTNER-CHANNEL]. Neither post nor comment surfaces a Cardiowell topical anchor. This is the weakest-fidelity entry in the set — likely the gate accepted the author's in-industry profile despite the post being off-topic. Manual review recommended. Comment uses 'go-direct' for explicit advice-seeking posts where the thread invites a product mention. Cardiowell name allowed here. Discovery vector: 'DO hospital' via the unipile_people/title_search channel. Verdict: OFF-TOPIC — neither post nor comment anchors a Cardiowell topic (review before engaging).",personal migration commentary; no clear company or ICP signal,author shares personal operator learnings on cross-border business setup,"author’s own advice and personal experience, not analyst summary",inline_icp_qualified — icp_scoring skipped,4,1,0,yes,yes
"Run 50ddab70 (RULE 24 + keyword, 2026-05-13 12:16)",6a046ba035904903df6850b1,gate_passed,Lane 9 — RPM service-company partners / digital-health vendors,PARTNER-CHANNEL,Neymar Lima,Founder and owner da MedStation e do Hospital IOP | Médico e Empreendedor na Área da Saúde | Construindo “A Clínica do Brasileiro no Mundo”,Miami-Fort Lauderdale Area,,https://www.linkedin.com/in/drneymarlima,https://www.linkedin.com/posts/drneymarlima_drneymar-empreendedorismomedico-medicosnoseua-activity-7459693580232687616-H-el,2026-05-11 19:59:03.932000,—,—,OFF-TOPIC — neither post nor comment anchors a Cardiowell topic (review before engaging),unipile_people,title_search,DO hospital,"Essa pergunta é comum, e, na maioria das vezes, mal direcionada.

O que realmente muda não é apenas o tamanho da margem.
É a clareza sobre como ela é construída.

Muitos profissionais da saúde operam no Brasil sem saber exatamente quanto custa cada atendimento, cada procedimento, cada etapa da operação.
Misturam custos fixos, variáveis e, no final, tomam decisões com base em percepção, não em dados.

E isso impacta diretamente o crescimento.

Nos Estados Unidos, existe uma cultura muito mais estruturada de gestão.
Você sabe exatamente:

– quanto custa operar
– quanto custa entregar cada serviço
– quanto sobra de resultado real

Essa clareza muda o jogo.

Porque quando você entende seus números, você não depende de “achismo”.
Você consegue precificar com segurança, ajustar a operação e tomar decisões estratégicas com consistência.

No fim, não é sobre ganhar mais ou menos.
É sobre saber de onde vem o seu resultado.

E quem domina isso, constrói negócios mais previsíveis, escaláveis e sustentáveis.

#drneymar #empreendedorismomedico #medicosnoseua #negociosdesaude #gestaodesaude #precificacao",,§ 05 ICP Lanes — Lane 9 — RPM service-company partners / digital-health vendors,(no specific HIGHEST-intent signal — engagement leans on lane fit and ICP rubric),"§ 06 Comment Reply Framework Angle 1 — 'validate-and-reframe' for venting posts. Acknowledge the operational pain, reframe through the between-visit-gap lens.",(no specific § 07 messaging anchor cited in this draft),"Neymar Lima (Founder and owner da MedStation e do Hospital IOP | Médico e Empreendedor na Área da Saúde | Construindo “A Clínica do Brasileiro no Mundo”, Miami-Fort Lauderdale Area) maps to Lane 9 — RPM service-company partners / digital-health vendors [PARTNER-CHANNEL]. Neither post nor comment surfaces a Cardiowell topical anchor. This is the weakest-fidelity entry in the set — likely the gate accepted the author's in-industry profile despite the post being off-topic. Manual review recommended. Comment uses 'validate-and-reframe' for venting posts. Acknowledge the operational pain, reframe through the between-visit-gap lens. Discovery vector: 'DO hospital' via the unipile_people/title_search channel. Verdict: OFF-TOPIC — neither post nor comment anchors a Cardiowell topic (review before engaging).",Founder of medical clinic/hospital; plausible buyer decision-maker,"author discusses healthcare business operations with specific references to cost structure and decision-making, indicating direct expertise",author’s own operational take on cost clarity and healthcare management,inline_icp_qualified — icp_scoring skipped,1,0,0,yes,yes
"Run 50ddab70 (RULE 24 + keyword, 2026-05-13 12:16)",6a046ba035904903df6850b1,drafted,Lane 9 — RPM service-company partners / digital-health vendors,PARTNER-CHANNEL,"Xavier Escobar, MBA, MHA","Healthcare Strategy & Operational Performance Leader | AI-Enabled Care Delivery Optimization | Founder, Genera AI","Houston, TX",,https://www.linkedin.com/in/xaviere,https://www.linkedin.com/posts/xaviere_healthcareoperations-healthcareleadership-activity-7458175529024708609-XBXS,2026-05-07 15:26:52.320000,—,—,OFF-TOPIC — neither post nor comment anchors a Cardiowell topic (review before engaging),unipile_people,title_search,CMO FQHC,"𝗜’𝘃𝗲 𝘀𝗽𝗲𝗻𝘁 𝗮 𝗹𝗼𝘁 𝗼𝗳 𝘁𝗶𝗺𝗲 𝗹𝗮𝘁𝗲𝗹𝘆 𝘁𝗵𝗶𝗻𝗸𝗶𝗻𝗴 𝗮𝗯𝗼𝘂𝘁 𝘄𝗵𝗲𝗻 𝗮 𝗰𝗹𝗶𝗻𝗶𝗰 𝗱𝗮𝘆 𝗮𝗰𝘁𝘂𝗮𝗹𝗹𝘆 𝘀𝘁𝗮𝗿𝘁𝘀 𝘁𝗼 𝗴𝗼 𝗼𝗳𝗳 𝘁𝗿𝗮𝗰𝗸.
  Not when it’s obvious.
  Earlier.

A small delay that doesn’t get recovered.
A cancellation that quietly opens a gap.
A schedule that looks full—but starts to lose its cadence.

Nothing looks broken.
But something has already shifted.

Across conversations with clinic operators, one theme keeps coming up:
By the time it’s visible,
they’re already reacting.

Most systems today are built to:
  Report performance
  Track outcomes
  Explain what happened

Fewer are designed to:
  Recognize when the day is starting to drift
  And help teams respond while it’s still recoverable

This is something I’ve been actively working through—mapping what that moment looks like and how it could be acted on in real time.

Still early.

But the pattern is consistent.

#HealthcareOperations #HealthcareLeadership #OperationalExcellence #HealthSystems #DigitalHealth","Where clinic days usually break down is the gap between a schedule that still looks 90% full on paper and the first 2 or 3 micro misses that tell you cadence is already gone. By the time no shows, late rooms, and staffing drift hit the dashboard, the charge capture and throughput damage is already locked in for that session. The measurement has to graduate from end of day utilization to interval level signals in the first 60 to 90 minutes, because that is where operators still have time to recover. Worth instrumenting the early drift markers before the daily variance report, not after the afternoon backlog shows up.",§ 05 ICP Lanes — Lane 9 — RPM service-company partners / digital-health vendors,(no specific HIGHEST-intent signal — engagement leans on lane fit and ICP rubric),"§ 06 Comment Reply Framework Angle 1 — 'validate-and-reframe' for venting posts. Acknowledge the operational pain, reframe through the between-visit-gap lens.",§ 07 Messaging Anchors — 'The between-visit monitoring gap is the structural reason BP goes uncontrolled. Most hypertensive patients are seen 2-3 times a year; everything in between is largely invisible.',"Xavier Escobar, MBA, MHA (Healthcare Strategy & Operational Performance Leader | AI-Enabled Care Delivery Optimization | Founder, Genera AI, Houston, TX) maps to Lane 9 — RPM service-company partners / digital-health vendors [PARTNER-CHANNEL]. Neither post nor comment surfaces a Cardiowell topical anchor. This is the weakest-fidelity entry in the set — likely the gate accepted the author's in-industry profile despite the post being off-topic. Manual review recommended. Comment uses 'validate-and-reframe' for venting posts. Acknowledge the operational pain, reframe through the between-visit-gap lens. Anchor cited: § 07 Messaging Anchors — 'The between-visit monitoring gap is the structural reason BP goes uncontrolled. Most hypertensive patients are seen 2-3 times a year; everything in between is largely invisible.' Discovery vector: 'CMO FQHC' via the unipile_people/title_search channel. Verdict: OFF-TOPIC — neither post nor comment anchors a Cardiowell topic (review before engaging).",competitor / parallel-vendor (AI-enabled care delivery founder),direct_expertise,"author’s own operational observation, not analyst/report summary",inline_icp_qualified — icp_scoring skipped,1,0,0,yes,yes
"Run 50ddab70 (RULE 24 + keyword, 2026-05-13 12:16)",6a046ba035904903df6850b1,gate_passed,Lane 9 — RPM service-company partners / digital-health vendors,PARTNER-CHANNEL,"Xavier Escobar, MBA, MHA","Healthcare Strategy & Operational Performance Leader | AI-Enabled Care Delivery Optimization | Founder, Genera AI","Houston, TX",,https://www.linkedin.com/in/xaviere,https://www.linkedin.com/posts/xaviere_healthcareoperations-healthcareleadership-activity-7459963434969849856-HiuX,2026-05-12 13:51:22.315000,—,—,OFF-TOPIC — neither post nor comment anchors a Cardiowell topic (review before engaging),unipile_people,title_search,CMO FQHC,"𝗢𝘃𝗲𝗿 𝘁𝗵𝗲 𝗻𝗲𝘅𝘁 𝗳𝗲𝘄 𝘄𝗲𝗲𝗸𝘀, 𝗜’𝗺 𝘀𝗶𝘁𝘁𝗶𝗻𝗴 𝗱𝗼𝘄𝗻 𝘄𝗶𝘁𝗵 𝗰𝗹𝗶𝗻𝗶𝗰 𝗼𝗽𝗲𝗿𝗮𝘁𝗼𝗿𝘀 𝘁𝗼 𝘁𝗲𝘀𝘁 𝗮𝗻 𝗶𝗱𝗲𝗮.

Not a product demo.

A reality check.

The idea is simple:
  Performance in clinics doesn’t break all at once.
  It shifts earlier in the day… and compounds.

Most systems:
  See the outcome
  Report the outcome
  React to the outcome

What’s less clear is:
  How early that shift can be detected
  And whether anything can be done about it in the moment

That’s the part I’ve been working through.

Looking forward to pressure testing it with operators who live this every day.

#HealthcareOperations #HealthcareLeadership #OperationalExcellence #HealthSystems #DigitalHealth",,§ 05 ICP Lanes — Lane 9 — RPM service-company partners / digital-health vendors,(no specific HIGHEST-intent signal — engagement leans on lane fit and ICP rubric),§ 06 Comment Reply Framework Angle 3 — 'go-direct' for explicit advice-seeking posts where the thread invites a product mention. Cardiowell name allowed here.,(no specific § 07 messaging anchor cited in this draft),"Xavier Escobar, MBA, MHA (Healthcare Strategy & Operational Performance Leader | AI-Enabled Care Delivery Optimization | Founder, Genera AI, Houston, TX) maps to Lane 9 — RPM service-company partners / digital-health vendors [PARTNER-CHANNEL]. Neither post nor comment surfaces a Cardiowell topical anchor. This is the weakest-fidelity entry in the set — likely the gate accepted the author's in-industry profile despite the post being off-topic. Manual review recommended. Comment uses 'go-direct' for explicit advice-seeking posts where the thread invites a product mention. Cardiowell name allowed here. Discovery vector: 'CMO FQHC' via the unipile_people/title_search channel. Verdict: OFF-TOPIC — neither post nor comment anchors a Cardiowell topic (review before engaging).",parallel-vendor (AI-enabled care delivery founder),direct_expertise — author describes their own process testing an operational healthcare idea with clinic operators,author sharing their own idea and validation process,inline_icp_qualified — icp_scoring skipped,2,0,0,yes,yes
"Run 50ddab70 (RULE 24 + keyword, 2026-05-13 12:16)",6a046ba035904903df6850b1,drafted,Adjacent / influencer (out-of-lane but in-audience),NURTURE,John Storino,Managing Director at Berkeley Research Group LLC,Greater Chicago Area,,https://www.linkedin.com/in/john-storino-15660a2,https://www.linkedin.com/posts/john-storino-15660a2_heading-into-the-hfma-annual-conference-this-activity-7460128513275101185-gDcV,2026-05-13 00:47:20.050000,VBC,"BP, CPT",CLEAN — post itself anchors a Cardiowell topic,unipile_people,title_search,Director of Telehealth physician group,"Heading into the HFMA Annual Conference this June, I’m thinking about the conversations I am having with finance leaders who are navigating tight margins, ongoing workforce challenges, and the promise of AI.  
If you’re attending, let’s meet up and compare notes on how your peers are approaching these challenges. Reach out or DM me so we can find time to connect in person.","HFMA is the cleanest test of hospital margin strategy because it forces finance leaders to separate real operating fixes from AI theater. The math gets concrete fast when 120 million Americans have hypertension, only about 24% are controlled, and unmanaged chronic disease still drives roughly $131 billion in annual cost. The finance teams that move first are usually the ones tying staffing pressure to reimbursable between visit work, since CPT 99457 and 99458 can mean about $100 to $120 per patient per month if the workflow actually supports 20 minutes of clinical time. Worth pressure testing where labor shortage, chronic care leakage, and reimbursement capture intersect before adding another AI line item.",§ 05 ICP Lanes — Adjacent / influencer (out-of-lane but in-audience),"§ 03 Signals (MODERATE-HIGH) — 'value-based care', 'MSSP', 'ACO REACH', 'shared savings' signal Lane 6 (ACOs) and Lane 7 (MSOs/clinically integrated networks).","§ 06 Comment Reply Framework Angle 1 — 'validate-and-reframe' for venting posts. Acknowledge the operational pain, reframe through the between-visit-gap lens.","§ 07 Messaging Anchors — '$100-120 per hypertensive patient per month via CPT 99457 and 99458, plus the new 2026 codes 99445 and 99470 that make remote BP reimbursement materially easier to capture.'","John Storino (Managing Director at Berkeley Research Group LLC, Greater Chicago Area) maps to Adjacent / influencer (out-of-lane but in-audience) [NURTURE]. The post itself anchors VBC — a direct topical signal per § 04 Keyword Clusters, so engagement reads as joining an in-progress Cardiowell-relevant conversation rather than a forced pivot. Comment uses 'validate-and-reframe' for venting posts. Acknowledge the operational pain, reframe through the between-visit-gap lens. Anchor cited: § 07 Messaging Anchors — '$100-120 per hypertensive patient per month via CPT 99457 and 99458, plus the new 2026 codes 99445 and 99470 that make remote BP reimbursement materially easier to capture.' Discovery vector: 'Director of Telehealth physician group' via the unipile_people/title_search channel. Verdict: CLEAN — post itself anchors a Cardiowell topic.",likely vendor or consultant (Berkeley Research Group is a healthcare management consultancy),conference_mention,"personal event networking invite, not analyst summary",inline_icp_qualified — icp_scoring skipped,19,1,0,yes,yes
"Run 50ddab70 (RULE 24 + keyword, 2026-05-13 12:16)",6a046ba035904903df6850b1,gate_passed,Adjacent / influencer (out-of-lane but in-audience),NURTURE,"Sarah Matt MD, MBA",Chief Strategy Officer | National Best Selling Author | Speaker | Healthcare Board Advisor | Oracle Alumni,"Fayetteville, NY",,https://www.linkedin.com/in/sarahmattmd,https://www.linkedin.com/posts/sarahmattmd_tacothursday-healthcareeconomics-clinicalrealist-activity-7458244379741245441-Xgob,2026-05-07 20:00:27.610000,CPT,—,CLEAN — post itself anchors a Cardiowell topic,unipile_people,title_search,VP of Product medical practice,"Taco Thursday.

Taco truck: $3. Food costs the vendor their margin, not yours.

Hospital system: $38 for an aspirin in 2024. The price reflects what the system can extract from the payer structure, not what the care costs to deliver.

The difference is not quality. It is a business model that removed price signals from the buyer entirely.

The most predictable healthcare reform is the one that reintroduces the buyer into the pricing conversation. Every other reform is downstream of that one.

#TacoThursday #HealthcareEconomics #ClinicalRealist",,§ 05 ICP Lanes — Adjacent / influencer (out-of-lane but in-audience),"§ 03 Signals (HIGHEST intent) — posts mentioning CPT 99457/99458/99454, 'remote monitoring reimbursement', or 'uncaptured CPT revenue' indicate Track C finance audiences alert to revenue capture.","§ 06 Comment Reply Framework Angle 1 — 'validate-and-reframe' for venting posts. Acknowledge the operational pain, reframe through the between-visit-gap lens.",(no specific § 07 messaging anchor cited in this draft),"Sarah Matt MD, MBA (Chief Strategy Officer | National Best Selling Author | Speaker | Healthcare Board Advisor | Oracle Alumni, Fayetteville, NY) maps to Adjacent / influencer (out-of-lane but in-audience) [NURTURE]. The post itself anchors CPT — a direct topical signal per § 04 Keyword Clusters, so engagement reads as joining an in-progress Cardiowell-relevant conversation rather than a forced pivot. Comment uses 'validate-and-reframe' for venting posts. Acknowledge the operational pain, reframe through the between-visit-gap lens. Discovery vector: 'VP of Product medical practice' via the unipile_people/title_search channel. Verdict: CLEAN — post itself anchors a Cardiowell topic.",Plausible decision-maker or influencer in healthcare provider organization,adjacent buyer: industry commentary on healthcare pricing models relevant to B2B buyers and vendors in healthcare/go-to-market contexts,"author’s own healthcare pricing critique, not analyst summary",inline_icp_qualified — icp_scoring skipped,14,1,0,yes,yes
"Run e5db6e23 (KEYWORD-ONLY, 2026-05-13 12:37)",6a047071222bb47a3ed3e38d,drafted,Adjacent / influencer (out-of-lane but in-audience),NURTURE,Giovanni A. Amato,"President & CEO, Health Services & Integrated Networks [Retired]","Chicago, Illinois, United States",,https://www.linkedin.com/in/giovanni-a-amato-a346a23a1,https://www.linkedin.com/posts/giovanni-a-amato-a346a23a1_modernizing-diagnostic-technology-contracts-activity-7459523302458298368-kC59,2026-05-11 08:42:26.547000,"RPM, VBC","RPM, CPT",CLEAN — post itself anchors a Cardiowell topic,tier_2_kw,keyword_topical,value-based contract performance,"Modernizing Diagnostic Technology Contracts: Safeguarding Performance, Compliance, and AI-Driven Care in 2026.

Diagnostic technology contracts are formal agreements between healthcare providers and vendors that cover diagnostic equipment (like MRI, CT, and lab systems), software updates, maintenance, and technical support.

They are essential to keep current because healthcare technology is rapidly evolving, especially with AI-enabled diagnostics in 2026.

Key contract types include:
-Service and maintenance agreements for repairs and equipment upkeep.
-Software and upgrade contracts for AI updates, cybersecurity, and system improvements.
-Manufacturing agreements (CMOs) for outsourced production of diagnostic tools.
-Value-based agreements that share risk or include flexible upgrade/buyback options.

Why they matter in 2026:
-Enable AI-driven diagnostic accuracy and faster results.
-Reduce equipment downtime and unexpected repair costs.
-Ensure compliance with evolving regulatory standards.
-Improve operational efficiency and cost predictability.
-Support newer care models like remote patient monitoring.

In short, keeping diagnostic contracts updated is critical for maintaining ","Diagnostic technology contracts are the cleanest test of operational readiness for AI driven care because the failure usually shows up first in uptime, update cadence, and support response times, not in the model itself. The expensive miss is when teams negotiate around equipment and software but leave the between visit monitoring workflow vague, then wonder why 20 minutes per patient per month of clinical time never gets documented and why $100 to $120 per patient per month in CPT 99457 and 99458 goes uncaptured. The same pattern shows up in RPM when Bluetooth failure modes, onboarding friction, and escalation paths are not written into the vendor obligation from day one. Worth contracting the service model and accountability map before the AI feature list, not after go live.",§ 05 ICP Lanes — Adjacent / influencer (out-of-lane but in-audience),"§ 03 Signals (HIGHEST intent) — posts about 'RPM program', 'remote patient monitoring', 'remote BP monitoring' surface operational buyers actively evaluating or running RPM., § 03 Signals (MODERATE-HIGH) — 'value-based care', 'MSSP', 'ACO REACH', 'shared savings' signal Lane 6 (ACOs) and Lane 7 (MSOs/clinically integrated networks).","§ 06 Comment Reply Framework Angle 1 — 'validate-and-reframe' for venting posts. Acknowledge the operational pain, reframe through the between-visit-gap lens.","§ 07 Messaging Anchors — '$100-120 per hypertensive patient per month via CPT 99457 and 99458, plus the new 2026 codes 99445 and 99470 that make remote BP reimbursement materially easier to capture.'","Giovanni A. Amato (President & CEO, Health Services & Integrated Networks [Retired], Chicago, Illinois, United States) maps to Adjacent / influencer (out-of-lane but in-audience) [NURTURE]. The post itself anchors RPM, VBC — a direct topical signal per § 04 Keyword Clusters, so engagement reads as joining an in-progress Cardiowell-relevant conversation rather than a forced pivot. Comment uses 'validate-and-reframe' for venting posts. Acknowledge the operational pain, reframe through the between-visit-gap lens. Anchor cited: § 07 Messaging Anchors — '$100-120 per hypertensive patient per month via CPT 99457 and 99458, plus the new 2026 codes 99445 and 99470 that make remote BP reimbursement materially easier to capture.' Discovery vector: 'value-based contract performance' via the tier_2_kw/keyword_topical channel. Verdict: CLEAN — post itself anchors a Cardiowell topic.","Retired CEO in healthcare; plausible buyer, not a competitor","direct_expertise—the post outlines specific contractual models and trends in diagnostic technology relevant to 2026, indicating domain knowledge in healthcare operations, vendor management, or clinical technology procurement.",author’s own explanatory summary of diagnostic contract considerations,,3,0,0,yes,—
"Run e5db6e23 (KEYWORD-ONLY, 2026-05-13 12:37)",6a047071222bb47a3ed3e38d,drafted,Adjacent / influencer (out-of-lane but in-audience),NURTURE,"Michael Weintraub, MD","Clinical Assistant Professor of Medicine, Division of Endocrinology
Diplomate of American Board of Obesity Medicine","New York, New York, United States",NYU Langone Health,https://www.linkedin.com/in/michaelameerweintraub,https://www.linkedin.com/posts/michaelameerweintraub_glp-1s-effectiveness-at-blood-pressure-control-activity-7459980757357248512-_14Z,2026-05-12 15:00:12.294000,BP,BP,CLEAN — post itself anchors a Cardiowell topic,tier_1_kw,keyword_topical,hypertension control,"GLP-1s effectiveness at blood pressure control on par with traditional anti-hypertensives, tracks well with % weight loss. 

In someone with hypertension due to their underlying obesity, why not treat their underlying weight gain? 

Abstract at ECO
https://lnkd.in/e5bAnxec

HT Samuel Hume","GLP 1 driven blood pressure reduction is the cleanest test of treating root cause hypertension because it forces the field to separate durable metabolic improvement from a temporary antihypertensive add on. The missed layer is measurement, since between visits a lot of these patients still have uncontrolled readings and only about 24% of the 120 million Americans with hypertension are actually controlled. If weight loss is going to become part of the BP playbook, teams need home data that shows who is normalizing, who is still spiking, and where 20 minutes per patient per month of clinical follow up actually changes the plan. Worth building the monitoring workflow alongside the prescription, not after the next office reading comes in.",§ 05 ICP Lanes — Adjacent / influencer (out-of-lane but in-audience),"§ 03 Signals (HIGHEST intent) — posts mentioning 'uncontrolled hypertension', 'hypertension management', 'BP control' surface Track A clinical buyers actively managing chronic-care panels.",§ 06 Comment Reply Framework Angle 3 — 'go-direct' for explicit advice-seeking posts where the thread invites a product mention. Cardiowell name allowed here.,§ 07 Messaging Anchors — 'Approximately 120 million Americans have hypertension. Only about 24 percent have BP under control. Uncontrolled hypertension costs the US healthcare system about $131 billion per year.',"Michael Weintraub, MD (Clinical Assistant Professor of Medicine, Division of Endocrinology
Diplomate of American Board of Obesity Medicine, New York, New York, United States) maps to Adjacent / influencer (out-of-lane but in-audience) [NURTURE]. The post itself anchors BP — a direct topical signal per § 04 Keyword Clusters, so engagement reads as joining an in-progress Cardiowell-relevant conversation rather than a forced pivot. Comment uses 'go-direct' for explicit advice-seeking posts where the thread invites a product mention. Cardiowell name allowed here. Anchor cited: § 07 Messaging Anchors — 'Approximately 120 million Americans have hypertension. Only about 24 percent have BP under control. Uncontrolled hypertension costs the US healthcare system about $131 billion per year.' Discovery vector: 'hypertension control' via the tier_1_kw/keyword_topical channel. Verdict: CLEAN — post itself anchors a Cardiowell topic.",clinical decision-maker at major health system (in-industry buyer),direct_expertise; author discusses medical insights relevant to product space,"Author offers their own clinical take, with the abstract only as supporting evidence.",,22,0,1,yes,—
"Run e5db6e23 (KEYWORD-ONLY, 2026-05-13 12:37)",6a047071222bb47a3ed3e38d,drafted,Adjacent / influencer (out-of-lane but in-audience),NURTURE,"Samuel Tiosano, MD, MS, MPH",Preventive Cardiolgy Fellow at Lenox Hill | Clinical Informaticist,New York City Metropolitan Area,Lenox Hill Hospital,https://www.linkedin.com/in/shmulik-tiosano-md-mph,https://www.linkedin.com/posts/shmulik-tiosano-md-mph_lipids-lipidology-preventivecardiology-activity-7459246288157569024-1qfp,2026-05-10 14:21:41.191000,BP,BP,CLEAN — post itself anchors a Cardiowell topic,tier_2_kw,keyword_topical,preventive cardiology,"Honored to share that I am now a Diplomate of the American Board of Clinical Lipidology after successfully passing the certifying examination in Clinical Lipidology!

Deeply grateful to my mentor, Eugenia Gianos, for her invaluable mentorship, support, and example as a leader in preventive cardiology.

National Lipid Association
AMERICAN BOARD OF CLINICAL LIPIDOLOGY INC
Northwell Cardiovascular Institute

#Lipids #Lipidology #PreventiveCardiology #CardiovascularPrevention","Clinical lipidology is one of the quiet failure modes nobody screens for early, because the hardest part is not diagnosing risk, it is closing the gap between a preventive plan on paper and what happens in the 30 days after the visit. Roughly 120 million Americans have hypertension and only about 24% are controlled, which is a good reminder that prevention breaks down in follow through more often than in guideline knowledge. The same pattern shows up in lipids, where adherence, titration, and repeat measurement are what decide outcomes long before the next clinic slot opens. Worth building the between visit follow up loop as deliberately as the visit itself, not after patients start disappearing between checks.",§ 05 ICP Lanes — Adjacent / influencer (out-of-lane but in-audience),"§ 03 Signals (HIGHEST intent) — posts mentioning 'uncontrolled hypertension', 'hypertension management', 'BP control' surface Track A clinical buyers actively managing chronic-care panels.","§ 06 Comment Reply Framework Angle 1 — 'validate-and-reframe' for venting posts. Acknowledge the operational pain, reframe through the between-visit-gap lens.",§ 07 Messaging Anchors — 'Approximately 120 million Americans have hypertension. Only about 24 percent have BP under control. Uncontrolled hypertension costs the US healthcare system about $131 billion per year.',"Samuel Tiosano, MD, MS, MPH (Preventive Cardiolgy Fellow at Lenox Hill | Clinical Informaticist, New York City Metropolitan Area) maps to Adjacent / influencer (out-of-lane but in-audience) [NURTURE]. The post itself anchors BP — a direct topical signal per § 04 Keyword Clusters, so engagement reads as joining an in-progress Cardiowell-relevant conversation rather than a forced pivot. Comment uses 'validate-and-reframe' for venting posts. Acknowledge the operational pain, reframe through the between-visit-gap lens. Anchor cited: § 07 Messaging Anchors — 'Approximately 120 million Americans have hypertension. Only about 24 percent have BP under control. Uncontrolled hypertension costs the US healthcare system about $131 billion per year.' Discovery vector: 'preventive cardiology' via the tier_2_kw/keyword_topical channel. Verdict: CLEAN — post itself anchors a Cardiowell topic.",Preventive cardiology fellow at major hospital is buyer-shaped,career update announcement from domain-relevant author,personal certification and gratitude announcement,,52,3,0,yes,—
"Run 50ddab70 (RULE 24 + keyword, 2026-05-13 12:16)",6a046ba035904903df6850b1,drafted,Adjacent / influencer (out-of-lane but in-audience),NURTURE,"Crystal Crider, DHA, MHA, FACHE, eFACHDM, SHRM-CP",Strategy & Transformation Advisor 📊 Payment Innovation 💵 Product Dev & Mgmt 💻 Implementation💡Growth Ops 📑 Contracts & Partnerships 🤝 Project & Change Mgmt,"Orlando, FL",,https://www.linkedin.com/in/crystal-crider-dha-mha-fache-efachdm-shrm-cp-b6046650,https://www.linkedin.com/posts/crystal-crider-dha-mha-fache-efachdm-shrm-cp-b6046650_2026-quality-conference-fireside-chat-with-activity-7459644818269343745-wajj,2026-05-11 16:45:18.174000,—,BP,FORCED — comment grafts Cardiowell anchor onto unrelated post (lower-fidelity engagement),unipile_people,title_search,VP of Product medical practice,"If you haven't had a chance to watch the 2026 CMS Quality Conference, I highly recommend it. Particularly the fireside chat with Tony Robbins! I've been a fan and reader of Tony's books since my high school days.

This chat shared powerful perspectives on resilience, purpose, leadership, and the human side of transformation.

In healthcare, leadership, and life, the most impactful progress often happens quietly: one decision, one challenge, one step forward at a time.
Keep showing up. Keep building. Keep believing in what’s possible.

https://lnkd.in/eD9d3gYS

#Leadership #Healthcare #CMS #Quality #Innovation #GrowthMindset #PurposeDriven","Quiet leadership is one of the quiet failure modes nobody screens for early, especially in healthcare transformation where the cost of delay compounds long before the metrics show it. In care delivery, the gap usually appears between visits, where 120 million Americans have hypertension, only about 24% are controlled, and most teams still find out too late that the plan failed at home not in the clinic. The operators who move quality numbers fastest are usually the ones who turn resilience into a measurement system, with one clear owner, one 30 day implementation path, and one feedback loop clinicians can actually use. Worth building the operating rhythm before the initiative gets branded as innovation, not after the first missed outcome target.",§ 05 ICP Lanes — Adjacent / influencer (out-of-lane but in-audience),"§ 03 Signals (HIGHEST intent) — posts mentioning 'uncontrolled hypertension', 'hypertension management', 'BP control' surface Track A clinical buyers actively managing chronic-care panels.",§ 06 Comment Reply Framework Angle 3 — 'go-direct' for explicit advice-seeking posts where the thread invites a product mention. Cardiowell name allowed here.,§ 07 Messaging Anchors — 'Approximately 120 million Americans have hypertension. Only about 24 percent have BP under control. Uncontrolled hypertension costs the US healthcare system about $131 billion per year.',"Crystal Crider, DHA, MHA, FACHE, eFACHDM, SHRM-CP (Strategy & Transformation Advisor 📊 Payment Innovation 💵 Product Dev & Mgmt 💻 Implementation💡Growth Ops 📑 Contracts & Partnerships 🤝 Project & Change Mgmt, Orlando, FL) maps to Adjacent / influencer (out-of-lane but in-audience) [NURTURE]. The post does not anchor Cardiowell topics directly, but the drafted comment pivots to BP — a forced-anchor engagement. Review the post in-thread before posting; consider commenting in a tone closer to § 06 CR Framework Angle 1 (validate-and-reframe) rather than dropping the stat. Comment uses 'go-direct' for explicit advice-seeking posts where the thread invites a product mention. Cardiowell name allowed here. Anchor cited: § 07 Messaging Anchors — 'Approximately 120 million Americans have hypertension. Only about 24 percent have BP under control. Uncontrolled hypertension costs the US healthcare system about $131 billion per year.' Discovery vector: 'VP of Product medical practice' via the unipile_people/title_search channel. Verdict: FORCED — comment grafts Cardiowell anchor onto unrelated post (lower-fidelity engagement).",no competitor or vendor signal; plausible buyer-shaped healthcare advisor,"conference_mention: refers to and recommends the 2026 CMS Quality Conference, relevant to healthcare ICP.",personal recommendation and leadership takeaway from a conference talk,inline_icp_qualified — icp_scoring skipped,0,0,0,yes,yes
"Run 50ddab70 (RULE 24 + keyword, 2026-05-13 12:16)",6a046ba035904903df6850b1,drafted,Adjacent / influencer (out-of-lane but in-audience),NURTURE,Patrick Young,President - Population Health at Meridian Hackensack Health,New York City Metropolitan Area,,https://www.linkedin.com/in/patrick-young-0368715,https://www.linkedin.com/posts/patrick-young-0368715_hackensackmeridianhealth-populationhealth-activity-7458190561057927168-Kv5d,2026-05-07 16:26:36.236000,—,BP,FORCED — comment grafts Cardiowell anchor onto unrelated post (lower-fidelity engagement),unipile_people,title_search,VP of Population Health ACO,"Proud to recognize our Community Outreach & Engagement Central team on receiving the Community Partner Award from the YMCA of Greater Monmouth County.

This well-deserved recognition reflects the team's dedication to building strong community partnerships and their unwavering commitment to improving the health and well-being of the communities we serve.

Thank you to this outstanding team for representing Hackensack Meridian Health with excellence. Congratulations on this incredible achievement! 🎉 

#HackensackMeridianHealth #PopulationHealth #CommunityOutreach #HMHProud","Community outreach is one of the quiet failure modes nobody screens for early, because the handoff from partnership to actual blood pressure control usually disappears between visits. In hypertension alone, roughly 120 million Americans carry the diagnosis and only about 24% are controlled, which is why outreach programs rise or fall on whether they can turn trust into follow through. The hard part is not building the YMCA relationship, it is knowing which community touchpoints actually changed screening, follow up, and medication adherence 30 days later. Worth putting a measurement layer on the outreach path before the awards, not after the annual population health review.",§ 05 ICP Lanes — Adjacent / influencer (out-of-lane but in-audience),"§ 03 Signals (HIGHEST intent) — posts mentioning 'uncontrolled hypertension', 'hypertension management', 'BP control' surface Track A clinical buyers actively managing chronic-care panels.","§ 06 Comment Reply Framework Angle 1 — 'validate-and-reframe' for venting posts. Acknowledge the operational pain, reframe through the between-visit-gap lens.",§ 07 Messaging Anchors — 'Approximately 120 million Americans have hypertension. Only about 24 percent have BP under control. Uncontrolled hypertension costs the US healthcare system about $131 billion per year.',"Patrick Young (President - Population Health at Meridian Hackensack Health, New York City Metropolitan Area) maps to Adjacent / influencer (out-of-lane but in-audience) [NURTURE]. The post does not anchor Cardiowell topics directly, but the drafted comment pivots to BP — a forced-anchor engagement. Review the post in-thread before posting; consider commenting in a tone closer to § 06 CR Framework Angle 1 (validate-and-reframe) rather than dropping the stat. Comment uses 'validate-and-reframe' for venting posts. Acknowledge the operational pain, reframe through the between-visit-gap lens. Anchor cited: § 07 Messaging Anchors — 'Approximately 120 million Americans have hypertension. Only about 24 percent have BP under control. Uncontrolled hypertension costs the US healthcare system about $131 billion per year.' Discovery vector: 'VP of Population Health ACO' via the unipile_people/title_search channel. Verdict: FORCED — comment grafts Cardiowell anchor onto unrelated post (lower-fidelity engagement).",President Population Health at major health system; strong ICP fit,personal narrative from ICP-fit author,company recognition post about an internal team award,inline_icp_qualified — icp_scoring skipped,63,9,0,yes,yes
"Run 50ddab70 (RULE 24 + keyword, 2026-05-13 12:16)",6a046ba035904903df6850b1,drafted,Adjacent / influencer (out-of-lane but in-audience),NURTURE,Gil Bashe,Chair Global Health and Purpose @ FINN Partners | Championing Health and Innovation,"New York, NY",,https://www.linkedin.com/in/gilbashe,https://www.linkedin.com/posts/gilbashe_purpose-socialimpact-csr-activity-7460068076190081024-DCbY,2026-05-12 20:47:10.726000,—,—,OFF-TOPIC — neither post nor comment anchors a Cardiowell topic (review before engaging),unipile_people,title_search,VP of Product medical practice,"In Philadelphia, at the National Constitution Center on Independence Mall, leaders from business, nonprofits and civic organizations gathered for a timely conversation about the future of leadership and democracy. The Satell Institute National CEO Conference explored an essential question: “Can free enterprise strengthen communities while proving that profit and purpose are not competing priorities, rather forces that advance one another?”

The discussion was thoughtful, candid and spoke to the world we are all navigating. This LinkedIn blog post reflects on those conversations, lessons shared and why organizations that place people and community at the center of their enterprises’ mission are often the ones positioned to endure and lead forward.

Thanks to Ed Satell, Paul Howard, Peter Finn, Sarah Finn, Amy Terpeluk and the 350+ leaders at the CEO Conference for illuminating the path. 

#purpose #socialimpact #CSR #corporatesocialresponsibilty Catskill Mountain Foundation FINN Partners","Where leadership and democracy usually breaks down is the jump from purpose statements to operating metrics that survive a budget cycle. Once that line item pressure hits, most organizations still cannot show which 3 to 5 community commitments changed retention, trust, or local health outcomes, and that is where profit and purpose start getting framed as competitors. The durable operators are usually the ones that put a measurement system around the community claim before the next planning round, not after the annual report is written.",§ 05 ICP Lanes — Adjacent / influencer (out-of-lane but in-audience),(no specific HIGHEST-intent signal — engagement leans on lane fit and ICP rubric),§ 06 Comment Reply Framework Angle 3 — 'go-direct' for explicit advice-seeking posts where the thread invites a product mention. Cardiowell name allowed here.,(no specific § 07 messaging anchor cited in this draft),"Gil Bashe (Chair Global Health and Purpose @ FINN Partners | Championing Health and Innovation, New York, NY) maps to Adjacent / influencer (out-of-lane but in-audience) [NURTURE]. Neither post nor comment surfaces a Cardiowell topical anchor. This is the weakest-fidelity entry in the set — likely the gate accepted the author's in-industry profile despite the post being off-topic. Manual review recommended. Comment uses 'go-direct' for explicit advice-seeking posts where the thread invites a product mention. Cardiowell name allowed here. Discovery vector: 'VP of Product medical practice' via the unipile_people/title_search channel. Verdict: OFF-TOPIC — neither post nor comment anchors a Cardiowell topic (review before engaging).",agency/consultancy; not an in-industry provider or buyer,conference_mention,event reflection sharing the author's own takeaway,inline_icp_qualified — icp_scoring skipped,3,0,0,yes,yes
"Run 50ddab70 (RULE 24 + keyword, 2026-05-13 12:16)",6a046ba035904903df6850b1,drafted,Adjacent / influencer (out-of-lane but in-audience),NURTURE,Joseph V.,Healthcare Executive | Advancing Growth | Positive Culture | Technology-Enabled Care,Greater Fort Collins Area,,https://www.linkedin.com/in/activity-7459608604669562880-zY1T,https://www.linkedin.com/posts/activity-7459608604669562880-zY1T,2026-05-11 14:21:24.179000,—,—,OFF-TOPIC — neither post nor comment anchors a Cardiowell topic (review before engaging),unipile_people,title_search,VP of Product medical practice,"Microservice vs Agent comparison chart.  
Having worked with a team on Microservice's designing cloud native products, I had a very basic question as it relates to Microservices and Agents.  This was an output that helped me to better understand their relationship.  I hope this is helpful to others.","Microservice versus agent design is the cleanest test of architectural boundaries because it forces teams to decide where autonomy stops and orchestration starts. The failure mode is usually not technical elegance, it is 6 to 12 months later when observability, retries, and ownership get split across too many services and nobody can explain why latency doubled. The useful measurement is less the comparison chart and more the count of cross service calls per business action, because that is where complexity starts compounding. Worth mapping the top 10 production workflows before choosing the pattern, not after the first incident review.",§ 05 ICP Lanes — Adjacent / influencer (out-of-lane but in-audience),(no specific HIGHEST-intent signal — engagement leans on lane fit and ICP rubric),"§ 06 Comment Reply Framework Angle 1 — 'validate-and-reframe' for venting posts. Acknowledge the operational pain, reframe through the between-visit-gap lens.",(no specific § 07 messaging anchor cited in this draft),"Joseph V. (Healthcare Executive | Advancing Growth | Positive Culture | Technology-Enabled Care, Greater Fort Collins Area) maps to Adjacent / influencer (out-of-lane but in-audience) [NURTURE]. Neither post nor comment surfaces a Cardiowell topical anchor. This is the weakest-fidelity entry in the set — likely the gate accepted the author's in-industry profile despite the post being off-topic. Manual review recommended. Comment uses 'validate-and-reframe' for venting posts. Acknowledge the operational pain, reframe through the between-visit-gap lens. Discovery vector: 'VP of Product medical practice' via the unipile_people/title_search channel. Verdict: OFF-TOPIC — neither post nor comment anchors a Cardiowell topic (review before engaging).","vendor pitch (technology product discussion, not care delivery)",direct_expertise,"author shares their own comparison/take, not analyst research",inline_icp_qualified — icp_scoring skipped,4,2,0,yes,yes
"Run 50ddab70 (RULE 24 + keyword, 2026-05-13 12:16)",6a046ba035904903df6850b1,gate_passed,Adjacent / influencer (out-of-lane but in-audience),NURTURE,"Sarah Matt MD, MBA",Chief Strategy Officer | National Best Selling Author | Speaker | Healthcare Board Advisor | Oracle Alumni,"Fayetteville, NY",,https://www.linkedin.com/in/sarahmattmd,https://www.linkedin.com/posts/sarahmattmd_the-ai-vendor-agreement-cleared-legal-cleared-activity-7459767062387777537-rcOi,2026-05-12 00:51:03.443000,—,—,OFF-TOPIC — neither post nor comment anchors a Cardiowell topic (review before engaging),unipile_people,title_search,VP of Product medical practice,"The AI vendor agreement cleared legal, cleared procurement, and cleared finance. Nobody flagged it for clinical review. Six months in, the questions start. Today's article: the four clauses worth fighting for before you sign.",,§ 05 ICP Lanes — Adjacent / influencer (out-of-lane but in-audience),(no specific HIGHEST-intent signal — engagement leans on lane fit and ICP rubric),"§ 06 Comment Reply Framework Angle 1 — 'validate-and-reframe' for venting posts. Acknowledge the operational pain, reframe through the between-visit-gap lens.",(no specific § 07 messaging anchor cited in this draft),"Sarah Matt MD, MBA (Chief Strategy Officer | National Best Selling Author | Speaker | Healthcare Board Advisor | Oracle Alumni, Fayetteville, NY) maps to Adjacent / influencer (out-of-lane but in-audience) [NURTURE]. Neither post nor comment surfaces a Cardiowell topical anchor. This is the weakest-fidelity entry in the set — likely the gate accepted the author's in-industry profile despite the post being off-topic. Manual review recommended. Comment uses 'validate-and-reframe' for venting posts. Acknowledge the operational pain, reframe through the between-visit-gap lens. Discovery vector: 'VP of Product medical practice' via the unipile_people/title_search channel. Verdict: OFF-TOPIC — neither post nor comment anchors a Cardiowell topic (review before engaging).","Possible buyer-shaped title (CSO; healthcare board advisor), post on healthcare operations","author demonstrates direct_expertise on AI vendor agreements in a regulated environment, reflecting operator's ICP concerns","Author’s own practical advice, not analyst or press-release summary",inline_icp_qualified — icp_scoring skipped,14,3,0,yes,yes
"Run 50ddab70 (RULE 24 + keyword, 2026-05-13 12:16)",6a046ba035904903df6850b1,gate_passed,Adjacent / influencer (out-of-lane but in-audience),NURTURE,Wei Zhang,"Director, Center for Cancer Genomics and Precision Oncology, Hanes and Willis Family Professor in Cancer, Atrium Health Wake Forest Baptist Comprehensive Cancer Center, Wake Forest University School of Medicine.","Winston-Salem, NC",,https://www.linkedin.com/in/wei-zhang-34591a11,https://www.linkedin.com/posts/wei-zhang-34591a11_getting-a-big-paper-done-takes-so-much-work-activity-7458526633503641600-1QH5,2026-05-08 14:42:02.151000,—,—,OFF-TOPIC — neither post nor comment anchors a Cardiowell topic (review before engaging),unipile_people,title_search,Family Medicine physician small group,"Getting a big paper done takes so much work! Our coauthors have given excellent feedback and critical suggestions. The writing group has spent months on this project. Finally, we are approaching the time that we can let this paper fly. Hope the editors and reviewers will appreciate this study that has taken 6 years to “complete”.",,§ 05 ICP Lanes — Adjacent / influencer (out-of-lane but in-audience),(no specific HIGHEST-intent signal — engagement leans on lane fit and ICP rubric),"§ 06 Comment Reply Framework Angle 1 — 'validate-and-reframe' for venting posts. Acknowledge the operational pain, reframe through the between-visit-gap lens.",(no specific § 07 messaging anchor cited in this draft),"Wei Zhang (Director, Center for Cancer Genomics and Precision Oncology, Hanes and Willis Family Professor in Cancer, Atrium Health Wake Forest Baptist Comprehensive Cancer Center, Wake Forest University School of Medicine., Winston-Salem, NC) maps to Adjacent / influencer (out-of-lane but in-audience) [NURTURE]. Neither post nor comment surfaces a Cardiowell topical anchor. This is the weakest-fidelity entry in the set — likely the gate accepted the author's in-industry profile despite the post being off-topic. Manual review recommended. Comment uses 'validate-and-reframe' for venting posts. Acknowledge the operational pain, reframe through the between-visit-gap lens. Discovery vector: 'Family Medicine physician small group' via the unipile_people/title_search channel. Verdict: OFF-TOPIC — neither post nor comment anchors a Cardiowell topic (review before engaging).",in-industry director at major medical center; plausible buyer,icp_author_personal,personal update about the author's own research paper,inline_icp_qualified — icp_scoring skipped,26,1,0,yes,yes
