Run,Slate ID,Status,ICP Lane,Lane Priority,Author,Author Title,Author Location,Author Company,Author LinkedIn URL,Comment Link (post URL),Published At,Post Topic Tags,Comment Topic Tags,Quality Verdict,Source,Source Channel,Source Keyword,Post Excerpt,Drafted Comment,PDF Traceback — Lane Anchor (§ 05),PDF Traceback — Signal (§ 03),PDF Traceback — CR Angle (§ 06),PDF Traceback — Anchor Used (§ 07),My Reasoning Paragraph,Gate: non_buyer,Gate: post_quality,Gate: analyst,Gate: icp,Reactions,Comments,Reposts,Geo verified at source,Inline ICP qualified
"Run 50ddab70 (RULE 24 + keyword, 2026-05-13 12:16)",6a046ba035904903df6850b1,drafted,Lane 1 — Independent primary care / family medicine (3-20 providers),SWEET SPOT,"Brandon Aylward, PhD",Healthcare Research and Strategy I Digital Health and Healthcare Innovation I Quality Improvement and Implementation Science I Behavioral Health I,Atlanta Metropolitan Area,,https://www.linkedin.com/in/brandon-aylward-phd-75686744,https://www.linkedin.com/posts/brandon-aylward-phd-75686744_mother-ventures-is-looking-at-moms-as-the-activity-7459986589952331776-bBJb,2026-05-12 15:23:22.893000,"RPM, CPT","BP, RPM",CLEAN — post itself anchors a Cardiowell topic,unipile_people,title_search,Director of Digital Health medical group,"Allison Stern just closed $10 million in commitments for her debut early-stage fund, Mother Ventures, which focuses exclusively on the mother as a consumer.

One of the most overlooked truths in healthcare and consumer innovation is that mothers are often the primary drivers of healthcare decision-making, purchasing behavior, and family engagement. This recent piece on Mother Ventures highlights something the market is finally starting to recognize: moms are not a “niche” consumer segment — they are a massive economic engine with enormous influence across healthcare, wellness, pediatrics, digital health, food, fintech, and beyond. In the U.S., mothers reportedly influence 85% of household purchases and represent more than $2.4T in spending power. 

Many of the highest-growth areas in digital health are fundamentally built around reducing friction for parents and caregivers:
Pediatric developmental care
Behavioral health
Fertility and women’s health
Family mental health
Care navigation
Remote monitoring
Consumer-driven care delivery

Historically, many healthcare startups have built products around providers, payers, or systems first. Increasingly, the companies gaining traction are","Where family centered innovation usually breaks down is the jump from purchase influence to who actually carries the care coordination load after the visit. In remote monitoring alone, the gap shows up fast, 120 million Americans have hypertension, only about 24% are controlled, and a lot of the failed engagement lands on a mother or caregiver who is already managing meds, schedules, and follow up for the household. The winning teams will not just market to mothers as a $2.4T consumer segment, they will map the exact friction points in the weekly care workflow before they build the product, not after launch.",§ 05 ICP Lanes — Lane 1 — Independent primary care / family medicine (3-20 providers),"§ 03 Signals (HIGHEST intent) — posts about 'RPM program', 'remote patient monitoring', 'remote BP monitoring' surface operational buyers actively evaluating or running RPM., § 03 Signals (HIGHEST intent) — posts mentioning CPT 99457/99458/99454, 'remote monitoring reimbursement', or 'uncaptured CPT revenue' indicate Track C finance audiences alert to revenue capture.","§ 06 Comment Reply Framework Angle 1 — 'validate-and-reframe' for venting posts. Acknowledge the operational pain, reframe through the between-visit-gap lens.",§ 07 Messaging Anchors — 'Approximately 120 million Americans have hypertension. Only about 24 percent have BP under control. Uncontrolled hypertension costs the US healthcare system about $131 billion per year.',"Brandon Aylward, PhD (Healthcare Research and Strategy I Digital Health and Healthcare Innovation I Quality Improvement and Implementation Science I Behavioral Health I, Atlanta Metropolitan Area) maps to Lane 1 — Independent primary care / family medicine (3-20 providers) [SWEET SPOT]. The post itself anchors RPM, CPT — a direct topical signal per § 04 Keyword Clusters, so engagement reads as joining an in-progress Cardiowell-relevant conversation rather than a forced pivot. Comment uses 'validate-and-reframe' for venting posts. Acknowledge the operational pain, reframe through the between-visit-gap lens. Anchor cited: § 07 Messaging Anchors — 'Approximately 120 million Americans have hypertension. Only about 24 percent have BP under control. Uncontrolled hypertension costs the US healthcare system about $131 billion per year.' Discovery vector: 'Director of Digital Health medical group' via the unipile_people/title_search channel. Verdict: CLEAN — post itself anchors a Cardiowell topic.",vendor/investor with unclear buyer identity,"adjacent_buyer—the post explores trends in healthcare and consumer innovation affecting ICP-relevant segments such as digital health and venture investment, though not direct operator expertise.","author’s own commentary on a funding announcement, not analyst reportage",inline_icp_qualified — icp_scoring skipped,2,2,0,yes,yes
"Run 50ddab70 (RULE 24 + keyword, 2026-05-13 12:16)",6a046ba035904903df6850b1,gate_passed,Lane 1 — Independent primary care / family medicine (3-20 providers),SWEET SPOT,"Padmaja Patel, MD, FACP, FACLM, DipABLM, CPE","Physician Executive | Translating Lifestyle Medicine into Policy, Payment & Market Strategy | Board President, ACLM | CMO, Nudj Health",Midland-Odessa Area,,https://www.linkedin.com/in/padmaja-patel-md-facp-faclm-dipablm-cpe-0197961a6,https://www.linkedin.com/posts/padmaja-patel-md-facp-faclm-dipablm-cpe-0197961a6_beyond-the-roadmap-creating-real-change-activity-7459243173236686848-TSK8,2026-05-10 14:09:18.536000,CPT,—,CLEAN — post itself anchors a Cardiowell topic,unipile_people,title_search,VP of Product medical practice,"Darshak Sanghavi has written one of the most honest pieces on health care transformation I have read this year.

In ""Beyond the Roadmap,"" he names something most of us have felt, but few have said out loud: we have built a ""sophisticated architecture of inertia,"" where producing the roadmap has replaced firing up the car.

Four of his arguments hit especially hard for those of us working at the intersection of clinical care, payer strategy, and federal policy:

→ Pilot-itis as a release valve. Pilots vent the pressure for reform while dysfunctional financial incentives hum undisturbed in the background. In lifestyle medicine, we have lived inside this trap for decades. The evidence for intensive therapeutic lifestyle change in polychronic populations is not new. It is not contested. 

→ The Trust Fetish. ""A sure sign of a lack of trust is when people keep talking about trust."" Trust is a byproduct of delivering value, not a process deliverable. 

→ The Missing Ghosts. This one should sting the most. Where are the payers and CFOs in our reform conversations? Until the people holding the checkbook sit at the table as accountable participants rather than external champions to be persu",,§ 05 ICP Lanes — Lane 1 — Independent primary care / family medicine (3-20 providers),"§ 03 Signals (HIGHEST intent) — posts mentioning CPT 99457/99458/99454, 'remote monitoring reimbursement', or 'uncaptured CPT revenue' indicate Track C finance audiences alert to revenue capture.",§ 06 Comment Reply Framework Angle 3 — 'go-direct' for explicit advice-seeking posts where the thread invites a product mention. Cardiowell name allowed here.,(no specific § 07 messaging anchor cited in this draft),"Padmaja Patel, MD, FACP, FACLM, DipABLM, CPE (Physician Executive | Translating Lifestyle Medicine into Policy, Payment & Market Strategy | Board President, ACLM | CMO, Nudj Health, Midland-Odessa Area) maps to Lane 1 — Independent primary care / family medicine (3-20 providers) [SWEET SPOT]. The post itself anchors CPT — a direct topical signal per § 04 Keyword Clusters, so engagement reads as joining an in-progress Cardiowell-relevant conversation rather than a forced pivot. Comment uses 'go-direct' for explicit advice-seeking posts where the thread invites a product mention. Cardiowell name allowed here. Discovery vector: 'VP of Product medical practice' via the unipile_people/title_search channel. Verdict: CLEAN — post itself anchors a Cardiowell topic.","in-industry executive (CMO, physician leader) in target healthcare segment","author demonstrates direct expertise in healthcare transformation and policy, referencing personal experience and analysis of industry dynamics",author adds substantial original critique and application to healthcare reform,inline_icp_qualified — icp_scoring skipped,10,1,1,yes,yes
"Run e5db6e23 (KEYWORD-ONLY, 2026-05-13 12:37)",6a047071222bb47a3ed3e38d,drafted,Lane 1 — Independent primary care / family medicine (3-20 providers),SWEET SPOT,Abid Husain MD FACC ABAARM,Physician at Boulder Longevity Institute,Denver Metropolitan Area,nuBioAge,https://www.linkedin.com/in/abid-husain-md-facc-abaarm-00874419,https://www.linkedin.com/posts/abid-husain-md-facc-abaarm-00874419_tirzepatide-associated-interstitial-kidney-activity-7459253931412570113-ESJQ,2026-05-10 14:52:03.485000,BP,BP,CLEAN — post itself anchors a Cardiowell topic,tier_1_kw,keyword_topical,hypertension control,"Tirzepatide is rapidly becoming one of the most important cardiometabolic therapies in modern medicine, but this case is a reminder that kidney protection and kidney injury can coexist within the same therapeutic class.

The paper describes a 66-year-old man with type 2 diabetes, obesity, hypertension, and stage 3b chronic kidney disease who developed progressive renal dysfunction during tirzepatide dose escalation. Creatinine rose from 1.1 to 2.11 mg/dL, while eGFR fell from 68 to 34 mL/min/1.73 m². The key finding was not dehydration, albuminuria, obstruction, or diabetic progression. Kidney biopsy showed chronic active tubulointerstitial nephritis with eosinophilic infiltrates and fibrosis, supporting a delayed immune-mediated interstitial nephritis pattern.

This matters because incretin-based therapies are usually discussed through their metabolic and renal-protective physiology: weight loss, improved glycemic control, lower albuminuria, natriuresis, improved renal hemodynamics, reduced inflammatory signaling, and possible oxidative stress modulation through GIP-adiponectin biology. SURPASS-4 showed slower eGFR decline and fewer composite kidney outcomes with tirzepatide compa","This case is the cleanest test of precision renal monitoring because the usual dehydration story falls apart once biopsy shows chronic active tubulointerstitial nephritis. The risky part in cardiometabolic care is that between visits, a creatinine jump from 1.1 to 2.11 can look like routine dose escalation noise unless someone is tracking the trend against volume status, BP, and symptoms in real time. That matters even more in the CKD population, where 20 minutes of monthly clinical review can be the difference between catching a reversible immune signal and attributing it to expected GLP 1 side effects. Worth building the monitoring workflow around trajectory mismatch, not waiting for the next office lab to tell you the story.",§ 05 ICP Lanes — Lane 1 — Independent primary care / family medicine (3-20 providers),"§ 03 Signals (HIGHEST intent) — posts mentioning 'uncontrolled hypertension', 'hypertension management', 'BP control' surface Track A clinical buyers actively managing chronic-care panels.",§ 06 Comment Reply Framework Angle 3 — 'go-direct' for explicit advice-seeking posts where the thread invites a product mention. Cardiowell name allowed here.,§ 07 Messaging Anchors — 'The between-visit monitoring gap is the structural reason BP goes uncontrolled. Most hypertensive patients are seen 2-3 times a year; everything in between is largely invisible.',"Abid Husain MD FACC ABAARM (Physician at Boulder Longevity Institute, Denver Metropolitan Area) maps to Lane 1 — Independent primary care / family medicine (3-20 providers) [SWEET SPOT]. The post itself anchors BP — a direct topical signal per § 04 Keyword Clusters, so engagement reads as joining an in-progress Cardiowell-relevant conversation rather than a forced pivot. Comment uses 'go-direct' for explicit advice-seeking posts where the thread invites a product mention. Cardiowell name allowed here. Anchor cited: § 07 Messaging Anchors — 'The between-visit monitoring gap is the structural reason BP goes uncontrolled. Most hypertensive patients are seen 2-3 times a year; everything in between is largely invisible.' Discovery vector: 'hypertension control' via the tier_1_kw/keyword_topical channel. Verdict: CLEAN — post itself anchors a Cardiowell topic.","In-industry physician at medical practice, plausible RPM buyer",direct_expertise,"author’s own clinical interpretation of a case report, not primarily analyst or press-release summary",,8,0,0,yes,—
"Run e5db6e23 (KEYWORD-ONLY, 2026-05-13 12:37)",6a047071222bb47a3ed3e38d,drafted,Lane 1 — Independent primary care / family medicine (3-20 providers),SWEET SPOT,"Anne M. Hirsch, MD, FACP",I help frustrated physicians find fulfillment in their medical careers. Physician | Physician Coach | Medical Coding Expert | Transformational Speaker | Author | Thought Leader | Entrepreneur | Wife | Mother.,"West Linn, Oregon, United States","Health e Practices, LLC",https://www.linkedin.com/in/anne-m-hirsch-md-facp-4a681790,https://www.linkedin.com/posts/anne-m-hirsch-md-facp-4a681790_can-coding-be-sexy-after-seeing-my-cpt-code-activity-7457972499172048897-2bX4,2026-05-07 02:00:06.231000,CPT,"BP, RPM, CPT",CLEAN — post itself anchors a Cardiowell topic,tier_1_kw,keyword_topical,starting independent practice,"“Can coding be sexy?” After seeing my CPT-code shirt at MGMA, the answer was clearly no. 😂 
But the financial impact of coding?

That’s a different story.

Last week at the 𝗠𝗚𝗠𝗔 𝗣𝗿𝗶𝘃𝗮𝘁𝗲 𝗣𝗿𝗮𝗰𝘁𝗶𝗰𝗲 𝗖𝗼𝗻𝗳𝗲𝗿𝗲𝗻𝗰𝗲, I had the opportunity to present alongside 𝗝𝗶𝗹𝗹 𝗔𝗿𝗲𝗻𝗮 from 𝗛𝗲𝗮𝗹𝘁𝗵 𝗲 𝗣𝗿𝗮𝗰𝘁𝗶𝗰𝗲𝘀 on a topic that makes most physicians’ eyes glaze over almost instantly:

Medical coding. 😅

And yes… I wore a shirt covered in CPT codes.

At one point, we joked: “Can coding be sexy? Clearly not, given the shirt.”

The audience laughed.

But underneath the humor was something serious physicians need to hear:

Most doctors are dramatically underpaid for work they are already doing.

Not because they aren’t working hard enough.

Not because they aren’t seeing enough patients.

But because they were never taught how to accurately capture the complexity, intensity, and cognitive labor of modern medical care.

Physicians spend years mastering medicine.

Almost none of us has been taught the business language that determines reimbursement.

That disconnect costs practices hundreds of thousands of dollars over time.

And here’s the frustrating part: Many physicians assume better reimbursement means seeing m","Accurate coding is the cleanest test of practice economics because it shows whether the work happening between and beyond office visits ever makes it onto a claim. In hypertension alone, a lot of practices are sitting on $100 to $120 per patient per month through CPT 99457 and 99458, while 20 minutes of clinical time and a month of blood pressure data never get documented in a billable way. That gap is not just lost revenue, it is why between visit care keeps feeling invisible even when it is clinically doing the heavy lifting. Worth auditing the uncaptured chronic care time and remote monitoring documentation before adding more visit volume, not after.",§ 05 ICP Lanes — Lane 1 — Independent primary care / family medicine (3-20 providers),"§ 03 Signals (HIGHEST intent) — posts mentioning CPT 99457/99458/99454, 'remote monitoring reimbursement', or 'uncaptured CPT revenue' indicate Track C finance audiences alert to revenue capture.",§ 06 Comment Reply Framework Angle 3 — 'go-direct' for explicit advice-seeking posts where the thread invites a product mention. Cardiowell name allowed here.,"§ 07 Messaging Anchors — '$100-120 per hypertensive patient per month via CPT 99457 and 99458, plus the new 2026 codes 99445 and 99470 that make remote BP reimbursement materially easier to capture.'","Anne M. Hirsch, MD, FACP (I help frustrated physicians find fulfillment in their medical careers. Physician | Physician Coach | Medical Coding Expert | Transformational Speaker | Author | Thought Leader | Entrepreneur | Wife | Mother., West Linn, Oregon, United States) maps to Lane 1 — Independent primary care / family medicine (3-20 providers) [SWEET SPOT]. The post itself anchors CPT — a direct topical signal per § 04 Keyword Clusters, so engagement reads as joining an in-progress Cardiowell-relevant conversation rather than a forced pivot. Comment uses 'go-direct' for explicit advice-seeking posts where the thread invites a product mention. Cardiowell name allowed here. Anchor cited: § 07 Messaging Anchors — '$100-120 per hypertensive patient per month via CPT 99457 and 99458, plus the new 2026 codes 99445 and 99470 that make remote BP reimbursement materially easier to capture.' Discovery vector: 'starting independent practice' via the tier_1_kw/keyword_topical channel. Verdict: CLEAN — post itself anchors a Cardiowell topic.",Practitioner/Physician in private practice coaching and coding,conference_mention,author shares her own conference talk and viewpoint on coding reimbursement,,12,2,2,yes,—
"Run e5db6e23 (KEYWORD-ONLY, 2026-05-13 12:37)",6a047071222bb47a3ed3e38d,drafted,Lane 1 — Independent primary care / family medicine (3-20 providers),SWEET SPOT,"Stephen C. Dorner, MD, MPH, MSc",Physician Executive | Advisor | Clinical Program Design & Value-Based Care | Digital Health & Clinical AI | Hospital at Home | Emergency Medicine at MGH and Harvard Medical School,"Boston, Massachusetts, United States",Mass General Brigham,https://www.linkedin.com/in/stephendorner,https://www.linkedin.com/posts/stephendorner_a-friend-i-hadnt-talked-to-in-a-few-months-activity-7459982754881994752-ZowX,2026-05-12 15:08:08.541000,VBC,BP,CLEAN — post itself anchors a Cardiowell topic,tier_1_kw,keyword_topical,between visit monitoring,"A friend I hadn't talked to in a few months texted me out of the blue last week.
No reason. Just ""hey man, thinking of you, hope the family is well.""

I was working a shift at the time, and it stood in stark contrast to the back-and-forth I'd been having with people all day.

It was thoughtful. Deliberate. Unprompted.

Healthcare doesn't often land like that. We've built a system of efficient reactivity. And reactivity doesn't feel thoughtful.

The system is wired to react. To the inbound patient call. The patient showing up.  Operational efficiency gets organized around it. And a lot of AI has been built to make that framework faster.

But thoughtfulness is outbound. It's seemingly unprompted, from a more proactive stance.

The nudge for the mammogram that needs to be scheduled. The outreach to check on symptoms before the next scheduled visit. The check-in before the prescription runs out. The alert that a patient is at risk of deteriorating before it's visible at the bedside.

That type of work is usually under-resourced, inconsistent, easily ignored, and the first thing brushed aside when resources are thin.

And it's also where relationships get stronger.

If someone reaches o","Between visit outreach is the cleanest test of whether care is actually proactive because the breakdown usually happens in the 30 days after the visit, when symptoms change but nobody is watching. Hypertension alone makes that gap hard to ignore, 120 million Americans have it, only about 24% are controlled, and the downstream cost is already around $131 billion a year. The operational miss is that most systems still wait for the inbound call instead of building a measurement layer that flags who needs outreach before the next appointment. Worth instrumenting the between visit window first, then deciding where AI belongs, not the other way around.",§ 05 ICP Lanes — Lane 1 — Independent primary care / family medicine (3-20 providers),"§ 03 Signals (MODERATE-HIGH) — 'value-based care', 'MSSP', 'ACO REACH', 'shared savings' signal Lane 6 (ACOs) and Lane 7 (MSOs/clinically integrated networks).","§ 06 Comment Reply Framework Angle 1 — 'validate-and-reframe' for venting posts. Acknowledge the operational pain, reframe through the between-visit-gap lens.",§ 07 Messaging Anchors — 'Approximately 120 million Americans have hypertension. Only about 24 percent have BP under control. Uncontrolled hypertension costs the US healthcare system about $131 billion per year.',"Stephen C. Dorner, MD, MPH, MSc (Physician Executive | Advisor | Clinical Program Design & Value-Based Care | Digital Health & Clinical AI | Hospital at Home | Emergency Medicine at MGH and Harvard Medical School, Boston, Massachusetts, United States) maps to Lane 1 — Independent primary care / family medicine (3-20 providers) [SWEET SPOT]. The post itself anchors VBC — a direct topical signal per § 04 Keyword Clusters, so engagement reads as joining an in-progress Cardiowell-relevant conversation rather than a forced pivot. Comment uses 'validate-and-reframe' for venting posts. Acknowledge the operational pain, reframe through the between-visit-gap lens. Anchor cited: § 07 Messaging Anchors — 'Approximately 120 million Americans have hypertension. Only about 24 percent have BP under control. Uncontrolled hypertension costs the US healthcare system about $131 billion per year.' Discovery vector: 'between visit monitoring' via the tier_1_kw/keyword_topical channel. Verdict: CLEAN — post itself anchors a Cardiowell topic.",clinical executive at major health system (in-industry buyer),author discusses AI's potential in proactive healthcare using own perspective and operator-ICP context; post is specific and draws from direct clinical experience,author's own perspective on proactive AI in healthcare,,11,5,0,yes,—
"Run 50ddab70 (RULE 24 + keyword, 2026-05-13 12:16)",6a046ba035904903df6850b1,gate_passed,Lane 2 — Multi-site primary-care medical groups,HIGH,"Ed Kalpas MD, MAS, MPH, CPE, CHCQM, DipABLM","CMO building AI systems that protect clinician cognition in community health | MD, MPH, MAS, MBA candidate | Writing about what actually works at the intersection of AI, primary care, and prevention",Greater Sacramento,,https://www.linkedin.com/in/ekalpas,https://www.linkedin.com/posts/ekalpas_healthequity-clinicalai-diagnosticexcellence-activity-7457806923480989696-AH5W,2026-05-06 15:02:09.910000,VBC,—,CLEAN — post itself anchors a Cardiowell topic,unipile_people,title_search,CMO FQHC,"AI does not fix physician blind spots. It inherits them.

The cause is the same: both learned from the same incomplete data.

Rare disease. The average time to diagnosis is measured in years, not months. The illness script does not exist in the physician's experience and does not exist at sufficient density in the model's training data. Same gap. Different substrate.

Novel presentation. A disease before it has been named. A drug toxicity before the case reports accumulate. A new pathogen in its first months. Neither the physician's memory nor the model's training contains the pattern. Both reach for the closest thing they have seen, which is often wrong.

Patients underrepresented in the data. Dermatology AI shows documented accuracy gaps for darker skin tones across multiple state-of-the-art models. Dermatologists themselves show the same pattern, less extreme. Worst, when the AI assists the physician, the disparity widens rather than closes.

Data deserts are data deserts whether the learner is a transformer or a resident.

Clinical AI will not fix these gaps by default. It will sometimes make them worse, because it is trained on the same biased corpus that trained the physician",,§ 05 ICP Lanes — Lane 2 — Multi-site primary-care medical groups,"§ 03 Signals (MODERATE-HIGH) — 'value-based care', 'MSSP', 'ACO REACH', 'shared savings' signal Lane 6 (ACOs) and Lane 7 (MSOs/clinically integrated networks).",§ 06 Comment Reply Framework Angle 3 — 'go-direct' for explicit advice-seeking posts where the thread invites a product mention. Cardiowell name allowed here.,(no specific § 07 messaging anchor cited in this draft),"Ed Kalpas MD, MAS, MPH, CPE, CHCQM, DipABLM (CMO building AI systems that protect clinician cognition in community health | MD, MPH, MAS, MBA candidate | Writing about what actually works at the intersection of AI, primary care, and prevention, Greater Sacramento) maps to Lane 2 — Multi-site primary-care medical groups [HIGH]. The post itself anchors VBC — a direct topical signal per § 04 Keyword Clusters, so engagement reads as joining an in-progress Cardiowell-relevant conversation rather than a forced pivot. Comment uses 'go-direct' for explicit advice-seeking posts where the thread invites a product mention. Cardiowell name allowed here. Discovery vector: 'CMO FQHC' via the unipile_people/title_search channel. Verdict: CLEAN — post itself anchors a Cardiowell topic.","CMO and MD discussing primary care, prevention, and AI — plausible in-industry buyer",author describes specific shortcomings in clinical AI with examples indicating domain expertise,"author's own critique of AI/clinical bias, not analyst-report summary",inline_icp_qualified — icp_scoring skipped,2,0,0,yes,yes
"Run 50ddab70 (RULE 24 + keyword, 2026-05-13 12:16)",6a046ba035904903df6850b1,gate_passed,"Lane 3 — Specialty groups (cardiology, nephrology) — outpatient",HIGH,"Humayun Naqvi, MD, MBA, FACC",Cardiologist | Physician-Operator | Principal Investigator | Outpatient Cardiology Platform Builder | Clinical Advisor |,Greater Houston,,https://www.linkedin.com/in/humayunaqvi,https://www.linkedin.com/posts/humayunaqvi_4050-of-patients-stop-their-statin-within-activity-7460010048199577600-rHmG,2026-05-12 16:56:35.775000,BP,—,CLEAN — post itself anchors a Cardiowell topic,unipile_people,title_search,Cardiologist outpatient,"40–50% of patients stop their statin within the first year. This is not irrational behavior—it is the predictable output of how the medial prefrontal cortex assigns value to future cardiovascular risk versus present-day side effects and daily hassle.

When patients weigh “my heart in 10 years” against “leg pain today,” the medial PFC often discounts the distant benefit steeply. That is not a knowledge gap. It is a valuation problem. Standard adherence lectures ignore this mechanism and therefore fail.

Effective interventions must change the subjective value calculation: immediate feedback on plaque regression, tangible risk visuals tied to the patient’s own imaging, or reframing the daily pill as protecting something the patient already values highly",,"§ 05 ICP Lanes — Lane 3 — Specialty groups (cardiology, nephrology) — outpatient","§ 03 Signals (HIGHEST intent) — posts mentioning 'uncontrolled hypertension', 'hypertension management', 'BP control' surface Track A clinical buyers actively managing chronic-care panels.","§ 06 Comment Reply Framework Angle 1 — 'validate-and-reframe' for venting posts. Acknowledge the operational pain, reframe through the between-visit-gap lens.",(no specific § 07 messaging anchor cited in this draft),"Humayun Naqvi, MD, MBA, FACC (Cardiologist | Physician-Operator | Principal Investigator | Outpatient Cardiology Platform Builder | Clinical Advisor |, Greater Houston) maps to Lane 3 — Specialty groups (cardiology, nephrology) — outpatient [HIGH]. The post itself anchors BP — a direct topical signal per § 04 Keyword Clusters, so engagement reads as joining an in-progress Cardiowell-relevant conversation rather than a forced pivot. Comment uses 'validate-and-reframe' for venting posts. Acknowledge the operational pain, reframe through the between-visit-gap lens. Discovery vector: 'Cardiologist outpatient' via the unipile_people/title_search channel. Verdict: CLEAN — post itself anchors a Cardiowell topic.",In-industry cardiologist likely to influence RPM purchasing,author provides direct expertise on patient behavior and intervention design in a space relevant to healthcare GTM ICPs,author’s own interpretation of adherence behavior,inline_icp_qualified — icp_scoring skipped,4,1,0,yes,yes
"Run 50ddab70 (RULE 24 + keyword, 2026-05-13 12:16)",6a046ba035904903df6850b1,gate_passed,"Lane 3 — Specialty groups (cardiology, nephrology) — outpatient",HIGH,"Humayun Naqvi, MD, MBA, FACC",Cardiologist | Physician-Operator | Principal Investigator | Outpatient Cardiology Platform Builder | Clinical Advisor |,Greater Houston,,https://www.linkedin.com/in/humayunaqvi,https://www.linkedin.com/posts/humayunaqvi_the-day-you-sell-your-practice-to-private-activity-7459327021597220864-ASsq,2026-05-10 19:42:29.543000,CPT,—,CLEAN — post itself anchors a Cardiowell topic,unipile_people,title_search,Cardiologist outpatient,"There is a spreadsheet somewhere right now with your practice's name on it.

Someone has already run the numbers — your panel size, your ancillary revenue, your real estate, your payer mix.

The only question left is whether you will be the person who decides what happens next, or the person it happens to.

Private equity has acquired more than 5,700 physician practice sites in under a decade. In cardiology specifically, 94.7% of those acquisitions have happened since 2021. The pace is not slowing.

I wrote this week's Physician Operator Manual on what most physicians get wrong about that pitch — not because PE operators are villains, but because the structure of a PE-owned practice can never deliver care that terminates in the patient. Ray Dalio's accountability chain explains why better than any healthcare framework I've read.

Three things in the essay:
→ Why the sellers are not our generation, and what that should tell us
→ The succession pipeline we broke without noticing
→ The window mid-career physicians still have to be the buyer instead of the bought

The day you sell your practice to private equity, you may still be seeing the patients. But you are no longer the doctor of",,"§ 05 ICP Lanes — Lane 3 — Specialty groups (cardiology, nephrology) — outpatient","§ 03 Signals (HIGHEST intent) — posts mentioning CPT 99457/99458/99454, 'remote monitoring reimbursement', or 'uncaptured CPT revenue' indicate Track C finance audiences alert to revenue capture.",§ 06 Comment Reply Framework Angle 3 — 'go-direct' for explicit advice-seeking posts where the thread invites a product mention. Cardiowell name allowed here.,(no specific § 07 messaging anchor cited in this draft),"Humayun Naqvi, MD, MBA, FACC (Cardiologist | Physician-Operator | Principal Investigator | Outpatient Cardiology Platform Builder | Clinical Advisor |, Greater Houston) maps to Lane 3 — Specialty groups (cardiology, nephrology) — outpatient [HIGH]. The post itself anchors CPT — a direct topical signal per § 04 Keyword Clusters, so engagement reads as joining an in-progress Cardiowell-relevant conversation rather than a forced pivot. Comment uses 'go-direct' for explicit advice-seeking posts where the thread invites a product mention. Cardiowell name allowed here. Discovery vector: 'Cardiologist outpatient' via the unipile_people/title_search channel. Verdict: CLEAN — post itself anchors a Cardiowell topic.",cardiologist describing practice management challenges; plausible buyer,"author demonstrates direct expertise in physician practice M&A, provides data and analysis, and points to their own operator-focused content",author’s own critique of private equity in physician practices,inline_icp_qualified — icp_scoring skipped,9,0,0,yes,yes
"Run 50ddab70 (RULE 24 + keyword, 2026-05-13 12:16)",6a046ba035904903df6850b1,gate_passed,"Lane 3 — Specialty groups (cardiology, nephrology) — outpatient",HIGH,"Humayun Naqvi, MD, MBA, FACC",Cardiologist | Physician-Operator | Principal Investigator | Outpatient Cardiology Platform Builder | Clinical Advisor |,Greater Houston,,https://www.linkedin.com/in/humayunaqvi,https://www.linkedin.com/posts/humayunaqvi_cardiology-evidencebasedmedicine-range-activity-7458130856092561409-UbJb,2026-05-07 12:29:21.463000,BP,—,CLEAN — post itself anchors a Cardiowell topic,unipile_people,title_search,Cardiologist outpatient,"I see blocked arteries for a living. That's my job — the diagnostic angiogram, the imaging, the read.

But I don't stent them. I'm an invasive cardiologist, not an interventional one. My handoff to the interventionist is the decision point.

David Epstein's Range has a chapter called ""Learning to Drop Your Familiar Tools"" that forced me to sit with this distinction. He introduces the ""oculostenotic reflex"" — a term coined by cardiologist Eric Topol for the near-autonomic impulse to stent any stenosis you visualize. See a blockage → fix it. The evidence be damned.

The COURAGE trial showed no mortality benefit for PCI over medical therapy in stable CAD. Multiple studies have since confirmed it. Yet thousands of stents are placed annually for stable angina anyway — because the reflex is that powerful.

Then Epstein drops this: A 2015 JAMA study found that high-risk cardiac patients had lower 30-day mortality when admitted during national cardiology meetings — when thousands of cardiologists were away. The likely driver? Fewer procedures. Less intervention.

He connects this to orthopedic sham surgery trials where real knee arthroscopy performed no better than placebo incisions. Same ",,"§ 05 ICP Lanes — Lane 3 — Specialty groups (cardiology, nephrology) — outpatient","§ 03 Signals (HIGHEST intent) — posts mentioning 'uncontrolled hypertension', 'hypertension management', 'BP control' surface Track A clinical buyers actively managing chronic-care panels.",§ 06 Comment Reply Framework Angle 3 — 'go-direct' for explicit advice-seeking posts where the thread invites a product mention. Cardiowell name allowed here.,(no specific § 07 messaging anchor cited in this draft),"Humayun Naqvi, MD, MBA, FACC (Cardiologist | Physician-Operator | Principal Investigator | Outpatient Cardiology Platform Builder | Clinical Advisor |, Greater Houston) maps to Lane 3 — Specialty groups (cardiology, nephrology) — outpatient [HIGH]. The post itself anchors BP — a direct topical signal per § 04 Keyword Clusters, so engagement reads as joining an in-progress Cardiowell-relevant conversation rather than a forced pivot. Comment uses 'go-direct' for explicit advice-seeking posts where the thread invites a product mention. Cardiowell name allowed here. Discovery vector: 'Cardiologist outpatient' via the unipile_people/title_search channel. Verdict: CLEAN — post itself anchors a Cardiowell topic.","cardiologist, likely buyer ICP",direct_expertise,author’s own clinical reflection using studies as supporting evidence,inline_icp_qualified — icp_scoring skipped,113,64,5,yes,yes
"Run 50ddab70 (RULE 24 + keyword, 2026-05-13 12:16)",6a046ba035904903df6850b1,drafted,"Lane 3 — Specialty groups (cardiology, nephrology) — outpatient",HIGH,Raj Khandwalla MD MA FACC,"Medical Director, Digital @ Cedars-Sinai Technology Ventures | Director, Digital Therapeutics @ Smidt Heart Institute | Division Chief, Cardiology @ Cedars-Sinai Medical Group | Cardiologist","Beverly Hills, CA",,https://www.linkedin.com/in/raj-khandwalla-md-ma-facc-47419725,https://www.linkedin.com/posts/raj-khandwalla-md-ma-facc-47419725_savy-20-sc-featured-activity-7460022741874843648-9yMy,2026-05-12 17:47:02.183000,"BP, PRACTICE",BP,CLEAN — post itself anchors a Cardiowell topic,unipile_people,title_search,Director of Digital Health medical group,"Angel City FC defender Savy King’s on-field collapse was a reminder that even elite athletes can face unexpected and serious cardiac conditions. Her recovery is also a reminder of what is possible when a coordinated team comes together quickly around a patient and family.

Just like soccer, cardiovascular care is a team sport. I’m proud of the Cedars-Sinai team that cared for Savy, including Seth Lichtenstein from Cedars-Sinai Medical Group Cardiology, Eli Friedman from the Smidt Heart Institute’s Sports Cardiology Program, Rose Tompkins from the Smidt Heart Institute’s congenital heart program, and Richard W. Kim and Melita Viegas from our congenital cardiac surgery team.

This case reflects the best of multidisciplinary cardiovascular care — bringing together general cardiology, sports cardiology, congenital heart disease, pediatric heart care, cardiac surgery, imaging, critical care, and long-term recovery.

Most importantly, it is wonderful to see Savy focused on healing and looking toward the future.

Grateful to be part of an organization where complex care is delivered through teamwork, expertise, and compassion.

https://lnkd.in/gc9Yp3GN

https://lnkd.in/g-SjsKuF","Multidisciplinary handoffs after an acute cardiac event are one of the quiet failure modes nobody screens for early. The rescue gets the attention, but the next 30 to 90 days are where monitoring, medication changes, rehab, imaging, and family coordination can easily fragment across 5 or more teams. That gap matters because cardiovascular disease still drives about $131B in annual cost, and too much of it shows up after discharge when nobody has a clean view of what is changing between visits. Worth building the follow up operating model as tightly as the acute response, not after the patient leaves the hospital.","§ 05 ICP Lanes — Lane 3 — Specialty groups (cardiology, nephrology) — outpatient","§ 03 Signals (HIGHEST intent) — posts mentioning 'uncontrolled hypertension', 'hypertension management', 'BP control' surface Track A clinical buyers actively managing chronic-care panels.","§ 06 Comment Reply Framework Angle 1 — 'validate-and-reframe' for venting posts. Acknowledge the operational pain, reframe through the between-visit-gap lens.",§ 07 Messaging Anchors — 'The between-visit monitoring gap is the structural reason BP goes uncontrolled. Most hypertensive patients are seen 2-3 times a year; everything in between is largely invisible.',"Raj Khandwalla MD MA FACC (Medical Director, Digital @ Cedars-Sinai Technology Ventures | Director, Digital Therapeutics @ Smidt Heart Institute | Division Chief, Cardiology @ Cedars-Sinai Medical Group | Cardiologist, Beverly Hills, CA) maps to Lane 3 — Specialty groups (cardiology, nephrology) — outpatient [HIGH]. The post itself anchors BP, PRACTICE — a direct topical signal per § 04 Keyword Clusters, so engagement reads as joining an in-progress Cardiowell-relevant conversation rather than a forced pivot. Comment uses 'validate-and-reframe' for venting posts. Acknowledge the operational pain, reframe through the between-visit-gap lens. Anchor cited: § 07 Messaging Anchors — 'The between-visit monitoring gap is the structural reason BP goes uncontrolled. Most hypertensive patients are seen 2-3 times a year; everything in between is largely invisible.' Discovery vector: 'Director of Digital Health medical group' via the unipile_people/title_search channel. Verdict: CLEAN — post itself anchors a Cardiowell topic.",in-industry buyer; Medical Director and Cardiologist at a major health system,direct_expertise,author’s own commentary on a patient case and care team,inline_icp_qualified — icp_scoring skipped,9,1,0,yes,yes
"Run e5db6e23 (KEYWORD-ONLY, 2026-05-13 12:37)",6a047071222bb47a3ed3e38d,drafted,"Lane 3 — Specialty groups (cardiology, nephrology) — outpatient",HIGH,Jay Pandit,Cardiologist & Med-Device Exec | Scaled AI-driven clinical trials & multi-omics | FDA/510(k)/SaMD I Strategic alliances I P&L | GTM | Reimbursement | AI/biomarkers | Cancer Survivor I Human.,"San Diego, California, United States",Northwestern University,https://www.linkedin.com/in/jay-pandit-9489008,https://www.linkedin.com/posts/jay-pandit-9489008_digitalhealth-remotepatientmonitoring-clinicalai-activity-7458263027075792896-pAxa,2026-05-07 21:14:33.481000,"RPM, CPT","RPM, CPT",CLEAN — post itself anchors a Cardiowell topic,tier_1_kw,keyword_topical,remote monitoring reimbursement,"Wearables are closer than ever to becoming a genuine clinical surveillance layer — but the final steps are the hardest ones!

The sensor story is largely written. Multimodal fusion of ECG, PPG, CGM, temperature, and accelerometry, validated against clinical-grade diagnostics, is producing digital biomarkers with real predictive value for arrhythmia, cardiometabolic deterioration, and early sepsis signals in high-risk populations. FDA clearances are accumulating, and the regulatory posture is shifting from reactive alerts toward longitudinal risk stratification.

What remains is a systems problem, not a technology problem.

Wearable data needs to arrive at the point of care — structured, contextualised, and integrated into a clinical decision within the EHR or at the point of care — not buried in a patient app. Remote patient monitoring reimbursement pathways exist but remain fragmented across payers and care settings. And the question of clinical accountability — who owns the alert, who acts on it, within what timeframe — has no clean answer yet!

Cementing wearables into standard care workflows will require clinicians, device manufacturers, data scientists, regulators, and payers ","Workflow integration is one of the quiet failure modes nobody screens for early, because the data can be accurate and still die between the patient app, the inbox, and the chart. The gap shows up when a practice has 20 minutes of clinical time per patient per month to support RPM, but no clear owner for triage, documentation, and escalation, so alerts either pile up or get ignored. Reimbursement matters, but the bigger miss is that groups leave $100 to $120 per patient per month on the table under 99457 and 99458 because the operational loop is not closed. Worth defining alert ownership and EHR writeback before adding another sensor, not after the first 500 patients are live.","§ 05 ICP Lanes — Lane 3 — Specialty groups (cardiology, nephrology) — outpatient","§ 03 Signals (HIGHEST intent) — posts about 'RPM program', 'remote patient monitoring', 'remote BP monitoring' surface operational buyers actively evaluating or running RPM., § 03 Signals (HIGHEST intent) — posts mentioning CPT 99457/99458/99454, 'remote monitoring reimbursement', or 'uncaptured CPT revenue' indicate Track C finance audiences alert to revenue capture.",§ 06 Comment Reply Framework Angle 3 — 'go-direct' for explicit advice-seeking posts where the thread invites a product mention. Cardiowell name allowed here.,"§ 07 Messaging Anchors — '$100-120 per hypertensive patient per month via CPT 99457 and 99458, plus the new 2026 codes 99445 and 99470 that make remote BP reimbursement materially easier to capture.'","Jay Pandit (Cardiologist & Med-Device Exec | Scaled AI-driven clinical trials & multi-omics | FDA/510(k)/SaMD I Strategic alliances I P&L | GTM | Reimbursement | AI/biomarkers | Cancer Survivor I Human., San Diego, California, United States) maps to Lane 3 — Specialty groups (cardiology, nephrology) — outpatient [HIGH]. The post itself anchors RPM, CPT — a direct topical signal per § 04 Keyword Clusters, so engagement reads as joining an in-progress Cardiowell-relevant conversation rather than a forced pivot. Comment uses 'go-direct' for explicit advice-seeking posts where the thread invites a product mention. Cardiowell name allowed here. Anchor cited: § 07 Messaging Anchors — '$100-120 per hypertensive patient per month via CPT 99457 and 99458, plus the new 2026 codes 99445 and 99470 that make remote BP reimbursement materially easier to capture.' Discovery vector: 'remote monitoring reimbursement' via the tier_1_kw/keyword_topical channel. Verdict: CLEAN — post itself anchors a Cardiowell topic.",Cardiologist at large health system; plausible buyer,"direct_expertise—the author details current advancements and challenges in wearable integration for clinical care, with specific references to technology, regulation, and workflow issues relevant to healthcare operators",author's own analysis of wearables adoption barriers,,38,3,4,yes,—
"Run e5db6e23 (KEYWORD-ONLY, 2026-05-13 12:37)",6a047071222bb47a3ed3e38d,drafted,Lane 2 — Multi-site primary-care medical groups,HIGH,Mahmoud Abdelwahab,MD,"Flemington, New Jersey, United States",Capital Health (US),https://www.linkedin.com/in/mahmoud-abdelwahab-a3a72518b,https://www.linkedin.com/posts/mahmoud-abdelwahab-a3a72518b_chiefresident-preventivemedicine-cardiology-activity-7458365080015888384-aU9V,2026-05-08 04:00:04.798000,"BP, PRACTICE",BP,CLEAN — post itself anchors a Cardiowell topic,tier_2_kw,keyword_topical,preventive cardiology,"I’m excited to share that I will be joining the University of Central Florida HCA Internal Medicine Residency Program as a Chief Resident (PGY-4).

I’m incredibly thankful to my mentors and colleagues at Capital Health, whose support and mentorship have been instrumental in shaping my clinical training and academic interests.

This next chapter is a meaningful opportunity to grow as an educator, leader, and physician. I’m particularly looking forward to advancing initiatives in quality improvement and medical education, while continuing to deepen my focus on cardiovascular disease, outcomes research, and preventive cardiology.

Grateful for the journey so far and excited for what’s ahead.

#ChiefResident #PreventiveMedicine #Cardiology #AcademicMedicine #InternalMedicine #Leadership #MedicalEducation","Chief residency is one of the quiet failure modes nobody screens for early, because it decides whether quality improvement gets taught as a checkbox or as a real operating system for patient follow up. In cardiometabolic care, the gap usually shows up between visits, where BP is uncontrolled in roughly 76% of hypertensive Americans and the signal gets missed until the next appointment. The programs that move outcomes tend to train residents to measure what happens in the 30 days after discharge or med change, not just what gets documented in clinic. Worth building that feedback loop into the residency year early, not after the QI projects are already chosen.",§ 05 ICP Lanes — Lane 2 — Multi-site primary-care medical groups,"§ 03 Signals (HIGHEST intent) — posts mentioning 'uncontrolled hypertension', 'hypertension management', 'BP control' surface Track A clinical buyers actively managing chronic-care panels.",§ 06 Comment Reply Framework Angle 3 — 'go-direct' for explicit advice-seeking posts where the thread invites a product mention. Cardiowell name allowed here.,§ 07 Messaging Anchors — 'The between-visit monitoring gap is the structural reason BP goes uncontrolled. Most hypertensive patients are seen 2-3 times a year; everything in between is largely invisible.',"Mahmoud Abdelwahab (MD, Flemington, New Jersey, United States) maps to Lane 2 — Multi-site primary-care medical groups [HIGH]. The post itself anchors BP, PRACTICE — a direct topical signal per § 04 Keyword Clusters, so engagement reads as joining an in-progress Cardiowell-relevant conversation rather than a forced pivot. Comment uses 'go-direct' for explicit advice-seeking posts where the thread invites a product mention. Cardiowell name allowed here. Anchor cited: § 07 Messaging Anchors — 'The between-visit monitoring gap is the structural reason BP goes uncontrolled. Most hypertensive patients are seen 2-3 times a year; everything in between is largely invisible.' Discovery vector: 'preventive cardiology' via the tier_2_kw/keyword_topical channel. Verdict: CLEAN — post itself anchors a Cardiowell topic.",In-industry physician with cardiology and internal medicine focus,career update from an author in the ICP (healthcare/academic medicine) space,"personal career update, not analyst or press-release summary",,77,16,0,yes,—
"Run e5db6e23 (KEYWORD-ONLY, 2026-05-13 12:37)",6a047071222bb47a3ed3e38d,drafted,Lane 2 — Multi-site primary-care medical groups,HIGH,"Mandeep Acharya, M.D.","Primary Care Physician / Board Certified Internist at Texas Primary Care Specialists, PLLC","Frisco, Texas, United States","Texas Primary Care Specialists, PLLC",https://www.linkedin.com/in/mandeep-acharya-m-d-58722013,https://www.linkedin.com/posts/mandeep-acharya-m-d-58722013_lunoxymedical-integratedcare-physicianled-activity-7459942984084557824-lLeT,2026-05-12 12:30:06.444000,"BP, PRACTICE","BP, CPT",CLEAN — post itself anchors a Cardiowell topic,tier_1_kw,keyword_topical,blood pressure management,"Why We Integrated Urgent Care With Primary Care

Lunoxy Medical | Physician‑Led. Patient‑Centered. Integrated Care

At Lunoxy Medical, our mission is to build a vertically integrated, physician‑led healthcare platform that improves access, continuity, patient experience, and outcomes, while reducing unnecessary utilization.

Why this matters: the data
• ~34% of ER visits are avoidable and could be managed safely in urgent care settings
• ER visits cost $1,500–$3,000, compared to $150–$350 for urgent care
• >70% of chest pain ED visits are discharged with non‑cardiac diagnoses
• Continuity of care reduces readmissions by ~16%
• Urgent care has >90% patient satisfaction, driven by shorter waits and convenient access

What integration looks like in practice:
An established adult patient presented to our Lunoxy Medical urgent care in Frisco, Texas with non‑specific chest discomfort and elevated blood pressure.

Because this patient was already within our integrated ecosystem, our team had immediate access to: 
• Longitudinal medical history
• Prior cardiac workups and specialist involvement
• Baseline diagnostics and medication history

Evaluation showed stable findings consistent with","Integrated urgent care is one of the quiet failure modes nobody screens for early, because the visit gets captured but the between visit hypertension risk often does not. The expensive miss is not just the avoidable ED transfer, it is the 30 days after discharge when BP is still uncontrolled, meds are changing, and nobody has enough home data to know who is drifting back toward another acute visit. With roughly 120 million hypertensive Americans and only about 24% controlled, the operators who win in this model are the ones who turn urgent care handoffs into monitored follow up and documented clinical time, not just a warm PCP callback. Worth building that post urgent care BP pathway before volume scales, not after readmissions and lost CPT 99457 and 99458 revenue show up in the P and L.",§ 05 ICP Lanes — Lane 2 — Multi-site primary-care medical groups,"§ 03 Signals (HIGHEST intent) — posts mentioning 'uncontrolled hypertension', 'hypertension management', 'BP control' surface Track A clinical buyers actively managing chronic-care panels.","§ 06 Comment Reply Framework Angle 1 — 'validate-and-reframe' for venting posts. Acknowledge the operational pain, reframe through the between-visit-gap lens.","§ 07 Messaging Anchors — '$100-120 per hypertensive patient per month via CPT 99457 and 99458, plus the new 2026 codes 99445 and 99470 that make remote BP reimbursement materially easier to capture.'","Mandeep Acharya, M.D. (Primary Care Physician / Board Certified Internist at Texas Primary Care Specialists, PLLC, Frisco, Texas, United States) maps to Lane 2 — Multi-site primary-care medical groups [HIGH]. The post itself anchors BP, PRACTICE — a direct topical signal per § 04 Keyword Clusters, so engagement reads as joining an in-progress Cardiowell-relevant conversation rather than a forced pivot. Comment uses 'validate-and-reframe' for venting posts. Acknowledge the operational pain, reframe through the between-visit-gap lens. Anchor cited: § 07 Messaging Anchors — '$100-120 per hypertensive patient per month via CPT 99457 and 99458, plus the new 2026 codes 99445 and 99470 that make remote BP reimbursement materially easier to capture.' Discovery vector: 'blood pressure management' via the tier_1_kw/keyword_topical channel. Verdict: CLEAN — post itself anchors a Cardiowell topic.",Primary care physician at in-practice medical group (target buyer),"direct_expertise—the author details their own integrated care model, supporting data, and operational practices in a relevant healthcare provider context.","author’s own care model and example, with stats only as supporting context",,2,1,0,yes,—
"Run 50ddab70 (RULE 24 + keyword, 2026-05-13 12:16)",6a046ba035904903df6850b1,drafted,"Lane 6 — ACOs (MSSP, ACO REACH)",VBC,"Padmaja Patel, MD, FACP, FACLM, DipABLM, CPE","Physician Executive | Translating Lifestyle Medicine into Policy, Payment & Market Strategy | Board President, ACLM | CMO, Nudj Health",Midland-Odessa Area,,https://www.linkedin.com/in/padmaja-patel-md-facp-faclm-dipablm-cpe-0197961a6,https://www.linkedin.com/posts/padmaja-patel-md-facp-faclm-dipablm-cpe-0197961a6_txaacos-valuebasedcare-lifestylemedicine-activity-7458142714556243968-NV09,2026-05-07 13:16:28.741000,VBC,"BP, CPT, VBC",CLEAN — post itself anchors a Cardiowell topic,unipile_people,title_search,VP of Product medical practice,"The future of ACO success is being written right now, and it's not just about coding accuracy or risk adjustment.

Spent this week with #TXAACOS members and was honored to join a panel on what it actually takes to move the needle on outcomes for polychronic Medicare populations.

A few things I won't stop saying:

→ ACOs that don't operationalize lifestyle medicine are leaving outcomes — and shared savings — on the table.

→ MAHA ELEVATE, ACCESS, LEAD, and other models are signaling where CMS is heading. ACOs paying attention now will be ahead of the curve in 2027 and beyond.

The conversations I had with ACO operators, CMOs, and population health leaders this week reinforced what we're seeing on the field: when you embed evidence-based lifestyle medicine into a team-based care model, you don't just hit quality measures, you change trajectories.

Grateful to Nicole Bradberry for the invitation and my fellow panelists, Archana Gupta and Sam Choudhary, for the spirited dialogue. The work continues.

#ValueBasedCare #LifestyleMedicine #ACOs #MedicareInnovation #ELEVATE","Lifestyle medicine inside ACO operations is the cleanest test of whether value based care can actually change day to day management for polychronic Medicare patients, because coding lift without between visit behavior and biometric follow through rarely moves outcomes. The gap usually shows up between visits, where hypertension control stalls, only about 24% of the 120 million Americans with hypertension are controlled, and the downstream cost burden is already around $131 billion a year. The operators that win tend to separate education from monitoring and track which patients generated a real care team touchpoint, because that 20 minutes per patient per month is where both outcomes and reimbursement start to compound. Worth building the between visit workflow before 2027 model pressure forces it, not after shared savings misses make the case for you.","§ 05 ICP Lanes — Lane 6 — ACOs (MSSP, ACO REACH)","§ 03 Signals (MODERATE-HIGH) — 'value-based care', 'MSSP', 'ACO REACH', 'shared savings' signal Lane 6 (ACOs) and Lane 7 (MSOs/clinically integrated networks).",§ 06 Comment Reply Framework Angle 2 — 'add-a-data-point' for industry news or Medicare updates. Drop the 120M/24%/$131B stat or the $100-120/patient/month CPT capture.,§ 07 Messaging Anchors — 'Approximately 120 million Americans have hypertension. Only about 24 percent have BP under control. Uncontrolled hypertension costs the US healthcare system about $131 billion per year.',"Padmaja Patel, MD, FACP, FACLM, DipABLM, CPE (Physician Executive | Translating Lifestyle Medicine into Policy, Payment & Market Strategy | Board President, ACLM | CMO, Nudj Health, Midland-Odessa Area) maps to Lane 6 — ACOs (MSSP, ACO REACH) [VBC]. The post itself anchors VBC — a direct topical signal per § 04 Keyword Clusters, so engagement reads as joining an in-progress Cardiowell-relevant conversation rather than a forced pivot. Comment uses 'add-a-data-point' for industry news or Medicare updates. Drop the 120M/24%/$131B stat or the $100-120/patient/month CPT capture. Anchor cited: § 07 Messaging Anchors — 'Approximately 120 million Americans have hypertension. Only about 24 percent have BP under control. Uncontrolled hypertension costs the US healthcare system about $131 billion per year.' Discovery vector: 'VP of Product medical practice' via the unipile_people/title_search channel. Verdict: CLEAN — post itself anchors a Cardiowell topic.",company is a healthcare vendor (Nudj Health) selling services to ACOs,direct_expertise,author's own event take and opinion on ACO strategy,inline_icp_qualified — icp_scoring skipped,43,2,2,yes,yes
"Run e5db6e23 (KEYWORD-ONLY, 2026-05-13 12:37)",6a047071222bb47a3ed3e38d,drafted,"Lane 6 — ACOs (MSSP, ACO REACH)",VBC,"Kamal Sewaralthahab, MD, NEP, CMD",Nephrologist | President at Synergy Medical Group,Washington DC-Baltimore Area,SMG Renal,https://www.linkedin.com/in/kamal-sewaralthahab-md-nep-cmd-777696294,https://www.linkedin.com/posts/kamal-sewaralthahab-md-nep-cmd-777696294_somewhere-right-now-a-patient-is-being-discharged-activity-7458840635266027520-kN4M,2026-05-09 11:29:46.005000,VBC,BP,CLEAN — post itself anchors a Cardiowell topic,tier_2_kw,keyword_topical,ACO REACH,"Somewhere right now, a patient is being discharged from the hospital with a follow-up appointment scheduled three weeks out.

Complex. Diabetic, heart failure, post-surgical. Maybe they live alone. Maybe they can’t drive. They won’t make that appointment. And within 30 days, there’s a real chance they’re back in the ER.

This is the gap that costs the healthcare system hundreds of millions of dollars annually and more importantly, it costs patients their health.

CMS knows it. The new LEAD Model explicitly targets homebound and high-severity patients, giving providers the flexibility to check in regularly and coordinate care between visits, not just during them. The TEAM Model, now live, holds hospitals financially accountable for outcomes 30 days post-discharge. The message is unambiguous: seamless care across the full continuum is no longer optional. It’s the model.

We’ve spent years building exactly this a fully integrated, multi-specialty group present at every stop on a patient’s journey, not as separate referral relationships, but as one coordinated clinical team.

And now we’re taking the next step. Meeting patients where the healthcare system has always struggled to reach ","The 30 day post discharge gap is one of the quiet failure modes nobody screens for early. The patient is technically “covered” by a follow up plan, but clinically unmanaged for 21 days, and that is exactly where meds change, BP drifts, volume status worsens, and the readmission clock starts. TEAM makes the cost visible, but the operational miss is still between visit monitoring and outreach capacity, especially for homebound patients who will never show up reliably in clinic. Worth building the 20 minute per patient per month workflow before the first discharge cohort rolls through, not after readmissions expose where the handoff broke.","§ 05 ICP Lanes — Lane 6 — ACOs (MSSP, ACO REACH)","§ 03 Signals (MODERATE-HIGH) — 'value-based care', 'MSSP', 'ACO REACH', 'shared savings' signal Lane 6 (ACOs) and Lane 7 (MSOs/clinically integrated networks).",§ 06 Comment Reply Framework Angle 2 — 'add-a-data-point' for industry news or Medicare updates. Drop the 120M/24%/$131B stat or the $100-120/patient/month CPT capture.,§ 07 Messaging Anchors — 'The between-visit monitoring gap is the structural reason BP goes uncontrolled. Most hypertensive patients are seen 2-3 times a year; everything in between is largely invisible.',"Kamal Sewaralthahab, MD, NEP, CMD (Nephrologist | President at Synergy Medical Group, Washington DC-Baltimore Area) maps to Lane 6 — ACOs (MSSP, ACO REACH) [VBC]. The post itself anchors VBC — a direct topical signal per § 04 Keyword Clusters, so engagement reads as joining an in-progress Cardiowell-relevant conversation rather than a forced pivot. Comment uses 'add-a-data-point' for industry news or Medicare updates. Drop the 120M/24%/$131B stat or the $100-120/patient/month CPT capture. Anchor cited: § 07 Messaging Anchors — 'The between-visit monitoring gap is the structural reason BP goes uncontrolled. Most hypertensive patients are seen 2-3 times a year; everything in between is largely invisible.' Discovery vector: 'ACO REACH' via the tier_2_kw/keyword_topical channel. Verdict: CLEAN — post itself anchors a Cardiowell topic.","in-industry buyer (nephrologist, medical group president)",direct_expertise—the author describes building an integrated clinical team addressing the CMS LEAD/TEAM models and care continuity problem in healthcare.,author’s own care-continuum perspective with CMS models as supporting context,,45,5,2,yes,—
"Run 50ddab70 (RULE 24 + keyword, 2026-05-13 12:16)",6a046ba035904903df6850b1,gate_passed,"Lane 8 — Hospital finance / RCM offices (CFO, VP RCM)",FINANCE,John Webb,"John Webb MD, DC, MBA, MPH - Occupational Medicine Physician | Workers’ Comp & Concussion Specialist | IME & Expert Witness | Founder, OccMedMD & HealthFirst-STL | Functional & Longevity Medicine","St Louis, MO",,https://www.linkedin.com/in/john-webb-md,https://www.linkedin.com/posts/john-webb-md_the-future-of-work-has-a-doctor-in-it-heres-activity-7460282720984944640-yzFV,2026-05-13 11:00:06.033000,BP,—,CLEAN — post itself anchors a Cardiowell topic,unipile_people,title_search,Family Medicine physician small group,"The Future of Work Has a Doctor in It

Here's the world the next decade is going to deliver to employers, and the role of the corporate medical director (CMD) in each of it.

AI in healthcare will keep accelerating. Within a few years, every benefits decision your company makes will involve AI-driven utilization management, AI clinical decision tools in your medical plan, and AI-mediated mental health support. Some will be excellent. Some quietly terrible. Companies with a CMD evaluating and governing these tools will use them well. The rest will be passengers on someone else's algorithm.

The aging workforce will keep aging. That means more chronic disease, cancer screening, cognitive concerns, musculoskeletal complaints, medication interactions, cardiac events, and deaths at work. Everyone is a CMD problem before anyone else's.

GLP-1s, biologics, and the coming wave of metabolic and behavioral medications will keep reshaping benefits design. The decisions your team is making about GLP-1 coverage alone will redirect tens of millions in spend over five years. Those are clinical decisions in actuarial clothing. They need strong physician leadership.

Mental health and substance use",,"§ 05 ICP Lanes — Lane 8 — Hospital finance / RCM offices (CFO, VP RCM)","§ 03 Signals (HIGHEST intent) — posts mentioning 'uncontrolled hypertension', 'hypertension management', 'BP control' surface Track A clinical buyers actively managing chronic-care panels.","§ 06 Comment Reply Framework Angle 1 — 'validate-and-reframe' for venting posts. Acknowledge the operational pain, reframe through the between-visit-gap lens.",(no specific § 07 messaging anchor cited in this draft),"John Webb (John Webb MD, DC, MBA, MPH - Occupational Medicine Physician | Workers’ Comp & Concussion Specialist | IME & Expert Witness | Founder, OccMedMD & HealthFirst-STL | Functional & Longevity Medicine, St Louis, MO) maps to Lane 8 — Hospital finance / RCM offices (CFO, VP RCM) [FINANCE]. The post itself anchors BP — a direct topical signal per § 04 Keyword Clusters, so engagement reads as joining an in-progress Cardiowell-relevant conversation rather than a forced pivot. Comment uses 'validate-and-reframe' for venting posts. Acknowledge the operational pain, reframe through the between-visit-gap lens. Discovery vector: 'Family Medicine physician small group' via the unipile_people/title_search channel. Verdict: CLEAN — post itself anchors a Cardiowell topic.","focuses on corporate medicine and employer health leadership, not clinical provider setting","author demonstrates direct expertise discussing the evolving role of corporate medical directors in employer healthcare strategy, with specific examples and predictions relevant to the ICP space",author's own forward-looking argument for corporate medical directors,inline_icp_qualified — icp_scoring skipped,1,0,0,yes,yes
"Run 50ddab70 (RULE 24 + keyword, 2026-05-13 12:16)",6a046ba035904903df6850b1,gate_passed,Lane 4 — Health systems with active RPM / ambulatory programs,ENTERPRISE,"Ronen Friedman, MD, MBA, FACHE","Physician | Board Certified Healthcare Executive | Experienced CEO | Healthcare Consultant | Excel in Strategic Growth, Quality improvement, Operations, Culture Development, Compliance, and Servant Leadership.","Arvada, CO",,https://www.linkedin.com/in/ronen-friedman-md-mba-fache-468092186,https://www.linkedin.com/posts/ronen-friedman-md-mba-fache-468092186_as-a-representative-of-wearedocs-i-believe-activity-7460221537300770816-ZXB0,2026-05-13 06:56:58.706000,PRACTICE,—,CLEAN — post itself anchors a Cardiowell topic,unipile_people,title_search,Family Medicine physician small group,"As a representative of WeAreDocs, I believe the conversation around alternative pathways for International Medical Graduates (IMGs) is more important than ever.

Across the United States, physician shortages continue to affect patient access to care — especially in primary care, rural communities, underserved populations, and high-demand specialties. At the same time, thousands of highly trained international physicians with extensive clinical experience remain unable to practice due to limited residency positions and restrictive licensing structures.

We believe there is an opportunity to create responsible, patient-centered solutions that maintain high standards while expanding access to care.

Thoughtfully developed IMG pathways can:
• Improve access to physicians in underserved communities
• Help address critical workforce shortages
• Increase culturally competent and multilingual care
• Strengthen healthcare system capacity
• Allow experienced physicians to contribute their skills and expertise to patient care

Several states and institutions have already begun exploring innovative models, including supervised practice pathways, competency-based assessments, and alternative li",,§ 05 ICP Lanes — Lane 4 — Health systems with active RPM / ambulatory programs,(no specific HIGHEST-intent signal — engagement leans on lane fit and ICP rubric),§ 06 Comment Reply Framework Angle 2 — 'add-a-data-point' for industry news or Medicare updates. Drop the 120M/24%/$131B stat or the $100-120/patient/month CPT capture.,(no specific § 07 messaging anchor cited in this draft),"Ronen Friedman, MD, MBA, FACHE (Physician | Board Certified Healthcare Executive | Experienced CEO | Healthcare Consultant | Excel in Strategic Growth, Quality improvement, Operations, Culture Development, Compliance, and Servant Leadership., Arvada, CO) maps to Lane 4 — Health systems with active RPM / ambulatory programs [ENTERPRISE]. The post itself anchors PRACTICE — a direct topical signal per § 04 Keyword Clusters, so engagement reads as joining an in-progress Cardiowell-relevant conversation rather than a forced pivot. Comment uses 'add-a-data-point' for industry news or Medicare updates. Drop the 120M/24%/$131B stat or the $100-120/patient/month CPT capture. Discovery vector: 'Family Medicine physician small group' via the unipile_people/title_search channel. Verdict: CLEAN — post itself anchors a Cardiowell topic.",Hospital/health system focused physician leader; likely RPM-buying decision-maker,"direct_expertise—author discusses organizational approach to IMG pathways affecting physician workforce, targeting health systems and policy stakeholders (ICP-adjacent buyers).",author’s own advocacy and perspective on IMG pathways,inline_icp_qualified — icp_scoring skipped,1,0,0,yes,yes
"Run e5db6e23 (KEYWORD-ONLY, 2026-05-13 12:37)",6a047071222bb47a3ed3e38d,drafted,Lane 4 — Health systems with active RPM / ambulatory programs,ENTERPRISE,Christian Milaster,"CEO | Ingenium & Rural Health Transformation Advisors | Helping Rural Health Leaders Improve Access & Outcomes through Digital Health Strategy, Implementation & Optimization | Vendor-Neutral | 125+ Projects, 25+ States","Annapolis, Maryland, United States",Sepsis Program Optimization,https://www.linkedin.com/in/christianmilaster,https://www.linkedin.com/posts/christianmilaster_rhtp-activity-7458718230799433729-kypy,2026-05-09 03:23:22.506000,"BP, RPM","BP, RPM",CLEAN — post itself anchors a Cardiowell topic,tier_1_kw,keyword_topical,remote BP monitoring,"💡 The difference between #RHTP consumer health tech programs that work and those that fail?
Proof of concept. Small, controlled, deliberate.

Not a pilot rolling out to hundreds. A proof of concept with 1-2 clinicians and a dozen patients validating specific assumptions.

Example: A rural health system planning high-risk pregnancy remote monitoring starts with two OB nurses taking BP cuffs home for a week. They use them daily, figure out where instructions are confusing, where devices are finicky.

Then those nurses work with a dozen expecting moms with hypertension who test devices at home and give feedback.

What they discovered: Patients were confused about WHEN to take readings. Morning? Evening? Before or after eating? The vendor manual assumed patients would know.

They didn't.

Adding ""take your reading when you wake up, before breakfast"" changed everything.

This is what ""design with patients and clinicians"" means. Putting real devices in real hands and learning what works.

Small scale = discover problems when they're easy to fix, before distributing to thousands.

Technology is 20% of success. Implementation science is 80%.

📖 Full framework: https://lnkd.in/gBThi5h3","Home BP timing is one of the quiet failure modes nobody screens for early, and it is exactly where otherwise solid remote monitoring programs start leaking adherence. In hypertension, a 10 to 15 point swing from inconsistent timing or technique can create false escalation, missed intervention, and a lot of avoidable nurse follow up time. The teams that get past proof of concept fastest are usually the ones that standardize the reading moment, the instruction language, and the escalation threshold with 1 to 2 clinicians before they ever talk about scale. Worth validating the patient script before the device fleet, not after 500 cuffs are already in homes.",§ 05 ICP Lanes — Lane 4 — Health systems with active RPM / ambulatory programs,"§ 03 Signals (HIGHEST intent) — posts mentioning 'uncontrolled hypertension', 'hypertension management', 'BP control' surface Track A clinical buyers actively managing chronic-care panels., § 03 Signals (HIGHEST intent) — posts about 'RPM program', 'remote patient monitoring', 'remote BP monitoring' surface operational buyers actively evaluating or running RPM.",§ 06 Comment Reply Framework Angle 3 — 'go-direct' for explicit advice-seeking posts where the thread invites a product mention. Cardiowell name allowed here.,(no specific § 07 messaging anchor cited in this draft),"Christian Milaster (CEO | Ingenium & Rural Health Transformation Advisors | Helping Rural Health Leaders Improve Access & Outcomes through Digital Health Strategy, Implementation & Optimization | Vendor-Neutral | 125+ Projects, 25+ States, Annapolis, Maryland, United States) maps to Lane 4 — Health systems with active RPM / ambulatory programs [ENTERPRISE]. The post itself anchors BP, RPM — a direct topical signal per § 04 Keyword Clusters, so engagement reads as joining an in-progress Cardiowell-relevant conversation rather than a forced pivot. Comment uses 'go-direct' for explicit advice-seeking posts where the thread invites a product mention. Cardiowell name allowed here. Discovery vector: 'remote BP monitoring' via the tier_1_kw/keyword_topical channel. Verdict: CLEAN — post itself anchors a Cardiowell topic.","CEO at vendor-neutral consultant in rural health, plausible adviser to buyer organizations",author shares direct experience running health tech PoCs; offers operational example,"author shares their own implementation advice and example, not analyst research",,1,0,0,yes,—
"Run e5db6e23 (KEYWORD-ONLY, 2026-05-13 12:37)",6a047071222bb47a3ed3e38d,drafted,Lane 4 — Health systems with active RPM / ambulatory programs,ENTERPRISE,"Jivesh Sharma, M.D.",Medical Oncologist · Building AI as Clinical Labor · CEO Nexgen Precision · MIT AI in Healthcare,"Dallas, Texas, United States",,https://www.linkedin.com/in/jiveshsharma,https://www.linkedin.com/posts/jiveshsharma_healthcareai-precisionmedicine-digitalhealth-activity-7459645389881651200-AeBc,2026-05-11 16:47:34.457000,CPT,BP,CLEAN — post itself anchors a Cardiowell topic,tier_2_kw,keyword_topical,preventive cardiology,"Opacity Was the Business Model

For decades, the most profitable seam in American healthcare has not been clinical excellence. 
It has been information asymmetry.

 Hospital pricing, prior auth, network design, formulary structure —  a gap between what patients know and what the people across the desk know.

AI is the first technology touching every layer of that asymmetry at once. Not because it diagnoses better. Because it explains.

Clinical opacity. 
A patient with metastatic disease faces decisions involving receptor status, mutational burden, line of therapy, trial eligibility. LLMs collapse that learning curve from years to minutes — and produce a patient who can have a real conversation with their oncologist.

Price opacity. 
A lumbar MRI runs $300 cash-pay at an independent center, $3,000+ through a hospital outpatient department. Same scan. The difference is the cost of not knowing.

Process opacity. 
Why was your prior auth denied. Where is your referral. AI agents make the administrative supply chain legible.

Quality opacity. 
Which providers specialize in your problem. Which ones hqve lower complication rates.
AI makes legibility cheap.

Jevons Paradox 
In 1865, Jevon","Where legibility usually breaks down is the handoff from explanation to action, because a patient can understand the plan and still disappear in the 29 days between visits. In cardiology alone, 120 million Americans have hypertension, only about 24% are controlled, and the cost of that gap still runs around $131 billion a year. The winners here will not be the teams that explain better in the portal, they will be the ones that measure who actually changed behavior, filled the script, and stayed monitored after the consult. Worth instrumenting the between visit loop before calling legibility the moat, not after demand shows up and falls back out.",§ 05 ICP Lanes — Lane 4 — Health systems with active RPM / ambulatory programs,"§ 03 Signals (HIGHEST intent) — posts mentioning CPT 99457/99458/99454, 'remote monitoring reimbursement', or 'uncaptured CPT revenue' indicate Track C finance audiences alert to revenue capture.","§ 06 Comment Reply Framework Angle 1 — 'validate-and-reframe' for venting posts. Acknowledge the operational pain, reframe through the between-visit-gap lens.",§ 07 Messaging Anchors — 'Approximately 120 million Americans have hypertension. Only about 24 percent have BP under control. Uncontrolled hypertension costs the US healthcare system about $131 billion per year.',"Jivesh Sharma, M.D. (Medical Oncologist · Building AI as Clinical Labor · CEO Nexgen Precision · MIT AI in Healthcare, Dallas, Texas, United States) maps to Lane 4 — Health systems with active RPM / ambulatory programs [ENTERPRISE]. The post itself anchors CPT — a direct topical signal per § 04 Keyword Clusters, so engagement reads as joining an in-progress Cardiowell-relevant conversation rather than a forced pivot. Comment uses 'validate-and-reframe' for venting posts. Acknowledge the operational pain, reframe through the between-visit-gap lens. Anchor cited: § 07 Messaging Anchors — 'Approximately 120 million Americans have hypertension. Only about 24 percent have BP under control. Uncontrolled hypertension costs the US healthcare system about $131 billion per year.' Discovery vector: 'preventive cardiology' via the tier_2_kw/keyword_topical channel. Verdict: CLEAN — post itself anchors a Cardiowell topic.",CEO and physician plausibly at provider or health-tech buyer,direct_expertise,"author's own thesis on healthcare AI and opacity, not analyst summary",,2,0,0,yes,—
"Run e5db6e23 (KEYWORD-ONLY, 2026-05-13 12:37)",6a047071222bb47a3ed3e38d,drafted,Lane 4 — Health systems with active RPM / ambulatory programs,ENTERPRISE,Juliana Feeney,PA-C | Passionate about Diversity in Healthcare | Mount Sinai Hospital,"Congers, New York, United States",Mount Sinai Health System,https://www.linkedin.com/in/juliana-feeney-74095a234,https://www.linkedin.com/posts/juliana-feeney-74095a234_this-past-weekend-was-butler-universitys-activity-7459652391559262208-I4Xn,2026-05-11 17:15:23.787000,BP,BP,CLEAN — post itself anchors a Cardiowell topic,tier_1_kw,keyword_topical,home blood pressure monitoring,"This past weekend was Butler University's commencement, and although I wasn't able to attend the ceremony, it was great to celebrate completing my Doctor of Medical Science degree with my family!  

I thoroughly enjoyed working on my capstone project, ""Language Barriers and Maternal Outcomes: Examining Home Blood Pressure Monitoring Compliance in Hypertensive Pregnancies."" I can't thank my advisor, Cody Sasek, PhD, PA-C, enough for his continued help and advice throughout the whole writing process.","Home blood pressure monitoring compliance in hypertensive pregnancies is the cleanest test of the between visit monitoring gap because the risk can change fast and language barriers turn a simple daily workflow into a missed signal problem. The painful part is that even in hypertension broadly, only about 24% of 120 million Americans are controlled, and pregnancy adds a much tighter timeline for catching deterioration before it becomes an ED visit or readmission. The measurement that matters is not device distribution, it is who actually gets enough usable readings back to support 20 minutes of clinical follow up per patient per month. Worth building the language and workflow layer before scaling the monitoring program, not after the no response cohort shows up.",§ 05 ICP Lanes — Lane 4 — Health systems with active RPM / ambulatory programs,"§ 03 Signals (HIGHEST intent) — posts mentioning 'uncontrolled hypertension', 'hypertension management', 'BP control' surface Track A clinical buyers actively managing chronic-care panels.",§ 06 Comment Reply Framework Angle 3 — 'go-direct' for explicit advice-seeking posts where the thread invites a product mention. Cardiowell name allowed here.,§ 07 Messaging Anchors — 'Approximately 120 million Americans have hypertension. Only about 24 percent have BP under control. Uncontrolled hypertension costs the US healthcare system about $131 billion per year.',"Juliana Feeney (PA-C | Passionate about Diversity in Healthcare | Mount Sinai Hospital, Congers, New York, United States) maps to Lane 4 — Health systems with active RPM / ambulatory programs [ENTERPRISE]. The post itself anchors BP — a direct topical signal per § 04 Keyword Clusters, so engagement reads as joining an in-progress Cardiowell-relevant conversation rather than a forced pivot. Comment uses 'go-direct' for explicit advice-seeking posts where the thread invites a product mention. Cardiowell name allowed here. Anchor cited: § 07 Messaging Anchors — 'Approximately 120 million Americans have hypertension. Only about 24 percent have BP under control. Uncontrolled hypertension costs the US healthcare system about $131 billion per year.' Discovery vector: 'home blood pressure monitoring' via the tier_1_kw/keyword_topical channel. Verdict: CLEAN — post itself anchors a Cardiowell topic.",in-industry practitioner at target health system,personal narrative and achievement from an ICP-adjacent author,personal milestone and own academic project,,28,7,0,yes,—
"Run 50ddab70 (RULE 24 + keyword, 2026-05-13 12:16)",6a046ba035904903df6850b1,gate_passed,Lane 9 — RPM service-company partners / digital-health vendors,PARTNER-CHANNEL,John Webb,"John Webb MD, DC, MBA, MPH - Occupational Medicine Physician | Workers’ Comp & Concussion Specialist | IME & Expert Witness | Founder, OccMedMD & HealthFirst-STL | Functional & Longevity Medicine","St Louis, MO",,https://www.linkedin.com/in/john-webb-md,https://www.linkedin.com/posts/john-webb-md_mental-health-substance-use-and-why-a-cmd-activity-7459920329675780096-0E-8,2026-05-12 11:00:05.212000,VBC,—,CLEAN — post itself anchors a Cardiowell topic,unipile_people,title_search,Family Medicine physician small group,"Mental Health, Substance Use, and Why a CMD Is Not Optional Anymore

Five years ago, a CEO would tell me in confidence that workforce mental health was their #3 or #4 issue. Today, every CEO I work with says #1 or #2. The data agrees.
Workforce mental health and substance use are no longer adjacent to the business. They are the business. 

They drive disability, presenteeism, retention, safety incidents, absenteeism, healthcare spend, and litigation exposure. We've known for years how psychosocial factors play into workplace injuries; we are finally shining real light on preventing, mitigating, and treating mental health claims. Almost no employer is set up to address them strategically.

Here's what I see at a typical mid-to-large employer. An EAP nobody uses. A behavioral health network with poor access. A wellness vendor doing meditation challenges. An HR team handling crises one at a time, often heroically, without the medical or legal scaffolding to do it cleanly. Managers with zero training on how to recognize a struggling employee. And almost never a single physician accountable for the strategy.

That's the gap a corporate medical director fills.

Mental health cannot be le",,§ 05 ICP Lanes — Lane 9 — RPM service-company partners / digital-health vendors,"§ 03 Signals (MODERATE-HIGH) — 'value-based care', 'MSSP', 'ACO REACH', 'shared savings' signal Lane 6 (ACOs) and Lane 7 (MSOs/clinically integrated networks).",§ 06 Comment Reply Framework Angle 2 — 'add-a-data-point' for industry news or Medicare updates. Drop the 120M/24%/$131B stat or the $100-120/patient/month CPT capture.,(no specific § 07 messaging anchor cited in this draft),"John Webb (John Webb MD, DC, MBA, MPH - Occupational Medicine Physician | Workers’ Comp & Concussion Specialist | IME & Expert Witness | Founder, OccMedMD & HealthFirst-STL | Functional & Longevity Medicine, St Louis, MO) maps to Lane 9 — RPM service-company partners / digital-health vendors [PARTNER-CHANNEL]. The post itself anchors VBC — a direct topical signal per § 04 Keyword Clusters, so engagement reads as joining an in-progress Cardiowell-relevant conversation rather than a forced pivot. Comment uses 'add-a-data-point' for industry news or Medicare updates. Drop the 120M/24%/$131B stat or the $100-120/patient/month CPT capture. Discovery vector: 'Family Medicine physician small group' via the unipile_people/title_search channel. Verdict: CLEAN — post itself anchors a Cardiowell topic.",Occupational Medicine Physician and Founder; plausible decision-maker for clinic technology,direct_expertise from author describing CMD's role and employer patterns in workforce mental health strategy—specific claims and outcomes observed in ICP context.,"author’s own POV on corporate medical directors, with only brief reference to guidance/data",inline_icp_qualified — icp_scoring skipped,0,0,0,yes,yes
"Run 50ddab70 (RULE 24 + keyword, 2026-05-13 12:16)",6a046ba035904903df6850b1,gate_passed,Lane 9 — RPM service-company partners / digital-health vendors,PARTNER-CHANNEL,John Webb,"John Webb MD, DC, MBA, MPH - Occupational Medicine Physician | Workers’ Comp & Concussion Specialist | IME & Expert Witness | Founder, OccMedMD & HealthFirst-STL | Functional & Longevity Medicine","St Louis, MO",,https://www.linkedin.com/in/john-webb-md,https://www.linkedin.com/posts/john-webb-md_is-it-easy-no-is-it-worth-it-yes-activity-7459565574688264193-itKi,2026-05-11 11:30:25.032000,PRACTICE,—,CLEAN — post itself anchors a Cardiowell topic,unipile_people,title_search,Family Medicine physician small group,"Is it easy - NO!  Is it worth it - YES!

Twenty years ago, I worked construction jobs alongside men who pushed through injuries because they felt they had no choice.
I even saw this in my family when my mom experienced a bad ankle injury at work. She limped around the jobsite for days, hiding it, terrified of being the person who slowed the crew down. By the time she finally spoke up, the injury was far worse than anyone realized. That cost her over six weeks of time and pay from the job.

That stayed with me.

Years later, after working through healthcare, occupational medicine, and workers' compensation, after seeing the system from every angle, I came to a clear conclusion.

Most employers are not trying to fail workers. Most workers are not trying to abuse the system. But the process between them is fragmented, slow, reactive, and frustrating for everyone involved.

That frustration became the reason we built OccMedMD.

I left a great job to start a new business and create a leading occupational medicine practice focused on doing the best for employees and employers alike. Honestly, there were stretches where I did not know if we could make it work. Building an independent medi",,§ 05 ICP Lanes — Lane 9 — RPM service-company partners / digital-health vendors,(no specific HIGHEST-intent signal — engagement leans on lane fit and ICP rubric),"§ 06 Comment Reply Framework Angle 1 — 'validate-and-reframe' for venting posts. Acknowledge the operational pain, reframe through the between-visit-gap lens.",(no specific § 07 messaging anchor cited in this draft),"John Webb (John Webb MD, DC, MBA, MPH - Occupational Medicine Physician | Workers’ Comp & Concussion Specialist | IME & Expert Witness | Founder, OccMedMD & HealthFirst-STL | Functional & Longevity Medicine, St Louis, MO) maps to Lane 9 — RPM service-company partners / digital-health vendors [PARTNER-CHANNEL]. The post itself anchors PRACTICE — a direct topical signal per § 04 Keyword Clusters, so engagement reads as joining an in-progress Cardiowell-relevant conversation rather than a forced pivot. Comment uses 'validate-and-reframe' for venting posts. Acknowledge the operational pain, reframe through the between-visit-gap lens. Discovery vector: 'Family Medicine physician small group' via the unipile_people/title_search channel. Verdict: CLEAN — post itself anchors a Cardiowell topic.",independent occupational medicine practice founder (plausible buyer),author describes their own founding journey and decision-making in occupational medicine (ICP space) with specific operational and industry insights,"personal founder story and company mission, not analyst or press-release summary",inline_icp_qualified — icp_scoring skipped,3,0,0,yes,yes
"Run 50ddab70 (RULE 24 + keyword, 2026-05-13 12:16)",6a046ba035904903df6850b1,gate_passed,Lane 9 — RPM service-company partners / digital-health vendors,PARTNER-CHANNEL,John Webb,"John Webb MD, DC, MBA, MPH - Occupational Medicine Physician | Workers’ Comp & Concussion Specialist | IME & Expert Witness | Founder, OccMedMD & HealthFirst-STL | Functional & Longevity Medicine","St Louis, MO",,https://www.linkedin.com/in/john-webb-md,https://www.linkedin.com/posts/john-webb-md_hantavirus-in-the-headlines-what-the-data-activity-7459305012838445057-Dp4n,2026-05-10 18:15:02.246000,BP,—,CLEAN — post itself anchors a Cardiowell topic,unipile_people,title_search,Family Medicine physician small group,"Hantavirus in the Headlines: What the Data Actually Says

The hantavirus outbreak on the cruise ship MV Hondius has put a rarely discussed virus back on the front page. As a physician trained in public health and preventive medicine, I want to offer a perspective, because the news cycle often makes the picture look more alarming than the data support. At OccMedMD, we continually monitor public health issues, especially when they affect workplace health and safety.

Hantaviruses live naturally in rodents, which carry them without getting sick. People become infected by breathing in tiny particles from rodent urine, droppings, or saliva, usually after disturbing a contaminated barn, shed, cabin, or storage space.

Direct contact, rodent bites, and contaminated dust can also cause infection.

Old World strains in Europe and Asia attack the kidneys and cause Hemorrhagic Fever with Renal Syndrome, with mortality typically under 15%. New World strains in the Americas cause Hantavirus Pulmonary Syndrome, which targets the lungs and kills near 38% of respiratory cases. 

Symptoms begin one to eight weeks after exposure, starting as flu-like illness with fever, fatigue, and deep muscle ache",,§ 05 ICP Lanes — Lane 9 — RPM service-company partners / digital-health vendors,"§ 03 Signals (HIGHEST intent) — posts mentioning 'uncontrolled hypertension', 'hypertension management', 'BP control' surface Track A clinical buyers actively managing chronic-care panels.","§ 06 Comment Reply Framework Angle 1 — 'validate-and-reframe' for venting posts. Acknowledge the operational pain, reframe through the between-visit-gap lens.",(no specific § 07 messaging anchor cited in this draft),"John Webb (John Webb MD, DC, MBA, MPH - Occupational Medicine Physician | Workers’ Comp & Concussion Specialist | IME & Expert Witness | Founder, OccMedMD & HealthFirst-STL | Functional & Longevity Medicine, St Louis, MO) maps to Lane 9 — RPM service-company partners / digital-health vendors [PARTNER-CHANNEL]. The post itself anchors BP — a direct topical signal per § 04 Keyword Clusters, so engagement reads as joining an in-progress Cardiowell-relevant conversation rather than a forced pivot. Comment uses 'validate-and-reframe' for venting posts. Acknowledge the operational pain, reframe through the between-visit-gap lens. Discovery vector: 'Family Medicine physician small group' via the unipile_people/title_search channel. Verdict: CLEAN — post itself anchors a Cardiowell topic.","Practicing physician, founder in occupational medicine, possible buyer in medical practice category",author shares direct expertise as a physician on a public health event relevant to workplace safety,"author’s own public-health explainer, not analyst or press-release summary",inline_icp_qualified — icp_scoring skipped,1,0,0,yes,yes
"Run e5db6e23 (KEYWORD-ONLY, 2026-05-13 12:37)",6a047071222bb47a3ed3e38d,drafted,Lane 9 — RPM service-company partners / digital-health vendors,PARTNER-CHANNEL,"Dr. Monique May, MD, MHA","Founder, Physician In The Kitchen® | Board-Certified Family Physician | Plant-Based Advocate | Host of Doc Fix My Plate (930K+ Views) | Best-Selling Author | Vegan Worcestershire Sauce Creator | Speaker and Coach",Charlotte Metro,"May Medical Consulting, PLLC",https://www.linkedin.com/in/drmoniquemay,https://www.linkedin.com/posts/drmoniquemay_when-the-doctor-becomes-the-patient-my-diagnosis-activity-7459937738130309120-75Bz,2026-05-12 12:09:15.711000,BP,BP,CLEAN — post itself anchors a Cardiowell topic,tier_1_kw,keyword_topical,hypertension control,"For years, I managed what I thought I understood well... high blood pressure.

As a physician, I followed the guidelines, adjusted my lifestyle, and took medications as prescribed. But despite everything, my blood pressure remained difficult to control.

What I eventually discovered changed not only my treatment plan, but the way I now approach resistant hypertension in my own patients.

In this first part of my story, I share:
 • What “resistant hypertension” can look like in real life
 • Why normal approaches sometimes aren’t enough
 • How my journey led to a deeper search for answers
 • The moment I realized we needed to look beyond the obvious

WATCH HERE ▶️  https://lnkd.in/exF9Sc2S

This is Part 1 of a 4-part series where I walk through the diagnosis, testing process, and what I learned as both a physician and a patient.

If you or someone you know is dealing with high blood pressure that “doesn’t quite add up,” this series may be especially important.

More coming in Part 2.

#Hypertension #BloodPressure #HeartHealth #ResistantHypertension #PhysicianPerspective #PatientStory #PreventiveHealth","Resistant hypertension is one of the quiet failure modes nobody screens for early, because office readings can hide what is happening in the 23 hours patients are not in front of you. With roughly 120 million Americans living with hypertension and only about 24% controlled, the biggest miss is often the between visit pattern, not the next med change. The clinicians who get to the root cause fastest are usually the ones who graduate from episodic measurement to home trend validation and adherence context before labeling someone truly resistant. Worth building that longitudinal BP picture before escalating therapy again, not after the fourth medication is already on board.",§ 05 ICP Lanes — Lane 9 — RPM service-company partners / digital-health vendors,"§ 03 Signals (HIGHEST intent) — posts mentioning 'uncontrolled hypertension', 'hypertension management', 'BP control' surface Track A clinical buyers actively managing chronic-care panels.","§ 06 Comment Reply Framework Angle 1 — 'validate-and-reframe' for venting posts. Acknowledge the operational pain, reframe through the between-visit-gap lens.",§ 07 Messaging Anchors — 'Approximately 120 million Americans have hypertension. Only about 24 percent have BP under control. Uncontrolled hypertension costs the US healthcare system about $131 billion per year.',"Dr. Monique May, MD, MHA (Founder, Physician In The Kitchen® | Board-Certified Family Physician | Plant-Based Advocate | Host of Doc Fix My Plate (930K+ Views) | Best-Selling Author | Vegan Worcestershire Sauce Creator | Speaker and Coach, Charlotte Metro) maps to Lane 9 — RPM service-company partners / digital-health vendors [PARTNER-CHANNEL]. The post itself anchors BP — a direct topical signal per § 04 Keyword Clusters, so engagement reads as joining an in-progress Cardiowell-relevant conversation rather than a forced pivot. Comment uses 'validate-and-reframe' for venting posts. Acknowledge the operational pain, reframe through the between-visit-gap lens. Anchor cited: § 07 Messaging Anchors — 'Approximately 120 million Americans have hypertension. Only about 24 percent have BP under control. Uncontrolled hypertension costs the US healthcare system about $131 billion per year.' Discovery vector: 'hypertension control' via the tier_1_kw/keyword_topical channel. Verdict: CLEAN — post itself anchors a Cardiowell topic.","family physician, medical consulting lead—possible buyer",direct_expertise,"author shares personal physician-patient story, not analyst research",,3,2,1,yes,—
"Run e5db6e23 (KEYWORD-ONLY, 2026-05-13 12:37)",6a047071222bb47a3ed3e38d,drafted,Lane 9 — RPM service-company partners / digital-health vendors,PARTNER-CHANNEL,"Kaisa Schmitz, DO",Founder + CEO + Board-Certified Family Medicine and Obesity Medicine Physician @ Revive Health Medical Weight Loss & Wellness,"Lakeville, Minnesota, United States",,https://www.linkedin.com/in/kaisa-schmitz-do-39022b1b1,https://www.linkedin.com/posts/kaisa-schmitz-do-39022b1b1_some-patients-keep-weight-off-with-fewer-activity-7459908987552190465-bGwy,2026-05-12 10:15:01.039000,BP,BP,CLEAN — post itself anchors a Cardiowell topic,tier_1_kw,keyword_topical,blood pressure management,"A small but interesting study published in Obesity is beginning to explore an important question many patients ask when starting GLP-1 medications:
“Will I have to take this every week forever?”
In this case series of 34 patients who had already achieved significant weight loss with GLP-1 therapy, some individuals were able to maintain weight loss and metabolic improvements while spacing injections beyond the standard weekly schedule.
At 36 weeks of follow-up:
 • Most patients maintained their weight loss
 • Blood pressure and blood glucose improvements persisted
 • Additional weight lost came primarily from fat rather than lean muscle mass
Patients followed several reduced-frequency schedules, including injections every other week, every 10–14 days, and in a few cases even longer intervals.
While this study is small and observational—and certainly not practice-changing on its own—it raises an important concept:
Chronic treatment does not necessarily mean maximal dosing indefinitely.
For many patients, the long-term goal of obesity treatment is not simply weight loss, but metabolic stability and sustainable health behaviors. As patients build nutrition, movement, sleep, and stress-","Reduced frequency GLP 1 maintenance is the cleanest test of long term obesity care because it forces measurement to shift from weekly dosing adherence to metabolic stability between visits. The part most teams miss is that blood pressure drift and early regain usually show up in the 30 to 90 day gaps, when there is little structured monitoring and no clean read on who is actually staying controlled. With roughly 120 million hypertensive Americans and only about 24% controlled, maintenance protocols need tighter tracking of BP, weight, and symptoms than the office schedule can provide on its own. Worth defining the monitoring cadence before you taper the injection cadence, not after variability shows up in follow up.",§ 05 ICP Lanes — Lane 9 — RPM service-company partners / digital-health vendors,"§ 03 Signals (HIGHEST intent) — posts mentioning 'uncontrolled hypertension', 'hypertension management', 'BP control' surface Track A clinical buyers actively managing chronic-care panels.",§ 06 Comment Reply Framework Angle 3 — 'go-direct' for explicit advice-seeking posts where the thread invites a product mention. Cardiowell name allowed here.,§ 07 Messaging Anchors — 'Approximately 120 million Americans have hypertension. Only about 24 percent have BP under control. Uncontrolled hypertension costs the US healthcare system about $131 billion per year.',"Kaisa Schmitz, DO (Founder + CEO + Board-Certified Family Medicine and Obesity Medicine Physician @ Revive Health Medical Weight Loss & Wellness, Lakeville, Minnesota, United States) maps to Lane 9 — RPM service-company partners / digital-health vendors [PARTNER-CHANNEL]. The post itself anchors BP — a direct topical signal per § 04 Keyword Clusters, so engagement reads as joining an in-progress Cardiowell-relevant conversation rather than a forced pivot. Comment uses 'go-direct' for explicit advice-seeking posts where the thread invites a product mention. Cardiowell name allowed here. Anchor cited: § 07 Messaging Anchors — 'Approximately 120 million Americans have hypertension. Only about 24 percent have BP under control. Uncontrolled hypertension costs the US healthcare system about $131 billion per year.' Discovery vector: 'blood pressure management' via the tier_1_kw/keyword_topical channel. Verdict: CLEAN — post itself anchors a Cardiowell topic.",in-industry buyer; founder & CEO at medical weight loss practice aligns with operator's target buyers,"direct_expertise — detailed review of a study with practical implications for medication management in obesity treatment, relevant to health/B2B fields related to pharma/medtech.",author adds their own interpretation of a small study rather than mainly summarizing analyst research,,10,1,2,yes,—
"Run e5db6e23 (KEYWORD-ONLY, 2026-05-13 12:37)",6a047071222bb47a3ed3e38d,drafted,Lane 9 — RPM service-company partners / digital-health vendors,PARTNER-CHANNEL,"Mark Hagen, DO","Founder, Firebird Direct Primary Care",United States,Firebird Direct Primary Care,https://www.linkedin.com/in/mark-hagen-do-50027638a,https://www.linkedin.com/posts/mark-hagen-do-50027638a_heres-a-healthcare-combo-most-people-havent-activity-7459902302951198721-xcfq,2026-05-12 09:48:27.306000,"BP, VBC","BP, CPT, PRACTICE",CLEAN — post itself anchors a Cardiowell topic,tier_1_kw,keyword_topical,hypertension management,"Here's a healthcare combo most people haven't considered.

DPC membership + a high-deductible health plan.

Let me show you how the math works for a real family scenario:

Traditional route:
→ $800/month family insurance premium
→ $40 copay every visit
→ 3-week wait to get in
→ $1,700-$8,500 individual/ $3,400-$17,000 family deductible before insurance kicks in

Firebird DPC route:
→ Low monthly Firebird membership fee
→ $0 copay, ever
→ Same-day or next-day appointments
→ Lower monthly premium on a high-deductible plan
→ Catastrophic coverage still in place for big events

For many families, the DPC route comes out AHEAD financially — and the care experience is dramatically better.

Your membership covers the things you actually use every year:
✔️ Sick visits
✔️ Annual physicals
✔️ Chronic disease management (diabetes, hypertension, thyroid, etc.)
✔️ Minor procedures done in-office
✔️ Prescription management

Your insurance is there if something big happens.

Together, it's a smarter, more affordable system.

If you want to run the numbers for your specific situation, reach out. I'm happy to walk through it with you.

🌐 firebirdpc.com | Serving Worthington, Powell, Westerville, Du","DPC plus a high deductible plan is the cleanest test of primary care economics because it puts routine care where the family actually uses healthcare, and keeps insurance for low frequency high cost events. The operational gap shows up once chronic disease management becomes more than office visits, since hypertension and diabetes do not flare on the schedule, and the between visit work is where most fee for service models lose both outcomes and reimbursement. With only about 24% of the 120 million Americans with hypertension controlled, the practices that win are the ones that build the monitoring and follow up layer into the membership model, not after utilization starts drifting.",§ 05 ICP Lanes — Lane 9 — RPM service-company partners / digital-health vendors,"§ 03 Signals (HIGHEST intent) — posts mentioning 'uncontrolled hypertension', 'hypertension management', 'BP control' surface Track A clinical buyers actively managing chronic-care panels., § 03 Signals (MODERATE-HIGH) — 'value-based care', 'MSSP', 'ACO REACH', 'shared savings' signal Lane 6 (ACOs) and Lane 7 (MSOs/clinically integrated networks).","§ 06 Comment Reply Framework Angle 1 — 'validate-and-reframe' for venting posts. Acknowledge the operational pain, reframe through the between-visit-gap lens.",§ 07 Messaging Anchors — 'Approximately 120 million Americans have hypertension. Only about 24 percent have BP under control. Uncontrolled hypertension costs the US healthcare system about $131 billion per year.',"Mark Hagen, DO (Founder, Firebird Direct Primary Care, United States) maps to Lane 9 — RPM service-company partners / digital-health vendors [PARTNER-CHANNEL]. The post itself anchors BP, VBC — a direct topical signal per § 04 Keyword Clusters, so engagement reads as joining an in-progress Cardiowell-relevant conversation rather than a forced pivot. Comment uses 'validate-and-reframe' for venting posts. Acknowledge the operational pain, reframe through the between-visit-gap lens. Anchor cited: § 07 Messaging Anchors — 'Approximately 120 million Americans have hypertension. Only about 24 percent have BP under control. Uncontrolled hypertension costs the US healthcare system about $131 billion per year.' Discovery vector: 'hypertension management' via the tier_1_kw/keyword_topical channel. Verdict: CLEAN — post itself anchors a Cardiowell topic.","Practice owner, DPC, chronic disease (hypertension) mgmt",author describes own healthcare model and financials (direct_expertise),author's own promotional explanation of DPC pricing,,0,0,0,yes,—
"Run e5db6e23 (KEYWORD-ONLY, 2026-05-13 12:37)",6a047071222bb47a3ed3e38d,drafted,Lane 9 — RPM service-company partners / digital-health vendors,PARTNER-CHANNEL,"Tarpan Patel, MD, FACC, RPVI","Physician-Operator | Interventional & Preventive Cardiologist | Leveraging AI to Optimize Cardiovascular Outcomes | Advisor to ASC, PE & Healthcare Growth Platforms l Investor",Greater Phoenix Area,Chaanakya Capital,https://www.linkedin.com/in/tarpan-patel-md-facc-rpvi-69090863,https://www.linkedin.com/posts/tarpan-patel-md-facc-rpvi-69090863_i-noticed-something-in-my-whoop-data-i-wasnt-activity-7459973259615195137-6PA-,2026-05-12 14:30:24.693000,"BP, RPM","BP, RPM",CLEAN — post itself anchors a Cardiowell topic,tier_2_kw,keyword_topical,preventive cardiology,"I noticed something in my WHOOP data I wasn't expecting.

My best recovery scores aren't on the days I sleep eight hours, eat clean, and skip the workout.

They're on the days I have dinner with friends.

Not every time. Not perfectly. But the pattern is consistent enough to notice: HRV trends up on social days. Resting HR drops. Sleep efficiency improves the night after. None of which I optimized for. None of which appears on a wellness checklist.

As a cardiologist, this shouldn't surprise me. It does anyway.

The data on social connection and cardiovascular health has been there for years. Loneliness carries a mortality risk comparable to smoking. Social isolation predicts cardiovascular events independent of most other measured risk factors. The Surgeon General declared it a public health emergency in 2023.

And yet I don't recommend dinner with friends to my patients. I recommend statins, exercise, sleep hygiene. The intervention with one of the strongest population-level associations to cardiovascular outcomes — I leave on the table because it doesn't fit a prescription pad.

Which brings me to something I've been thinking about since I posted about taking a rest day last wee","Dinner with friends is the cleanest test of preventive cardiology blind spots because it improves the physiology without looking like an intervention. The hard part in clinic is that we still reward what fits a prescription pad, even though social isolation carries a mortality signal on par with smoking and hypertension control is still only around 24% across roughly 120 million Americans with high blood pressure. Wearables may finally give this category a way to move from soft advice to something clinicians can actually track longitudinally. Worth measuring which nonpharmacologic behaviors change resting heart rate, HRV, and adherence over 90 days before writing them off as too soft to operationalize.",§ 05 ICP Lanes — Lane 9 — RPM service-company partners / digital-health vendors,"§ 03 Signals (HIGHEST intent) — posts mentioning 'uncontrolled hypertension', 'hypertension management', 'BP control' surface Track A clinical buyers actively managing chronic-care panels., § 03 Signals (HIGHEST intent) — posts about 'RPM program', 'remote patient monitoring', 'remote BP monitoring' surface operational buyers actively evaluating or running RPM.",§ 06 Comment Reply Framework Angle 3 — 'go-direct' for explicit advice-seeking posts where the thread invites a product mention. Cardiowell name allowed here.,§ 07 Messaging Anchors — 'Approximately 120 million Americans have hypertension. Only about 24 percent have BP under control. Uncontrolled hypertension costs the US healthcare system about $131 billion per year.',"Tarpan Patel, MD, FACC, RPVI (Physician-Operator | Interventional & Preventive Cardiologist | Leveraging AI to Optimize Cardiovascular Outcomes | Advisor to ASC, PE & Healthcare Growth Platforms l Investor, Greater Phoenix Area) maps to Lane 9 — RPM service-company partners / digital-health vendors [PARTNER-CHANNEL]. The post itself anchors BP, RPM — a direct topical signal per § 04 Keyword Clusters, so engagement reads as joining an in-progress Cardiowell-relevant conversation rather than a forced pivot. Comment uses 'go-direct' for explicit advice-seeking posts where the thread invites a product mention. Cardiowell name allowed here. Anchor cited: § 07 Messaging Anchors — 'Approximately 120 million Americans have hypertension. Only about 24 percent have BP under control. Uncontrolled hypertension costs the US healthcare system about $131 billion per year.' Discovery vector: 'preventive cardiology' via the tier_2_kw/keyword_topical channel. Verdict: CLEAN — post itself anchors a Cardiowell topic.",Practicing interventional & preventive cardiologist with operator-fit title and industry,author is a cardiologist sharing data from their own wearable and clinical experience,"author’s own reflection on social connection and recovery, with research only as supporting context",,14,3,0,yes,—
"Run e5db6e23 (KEYWORD-ONLY, 2026-05-13 12:37)",6a047071222bb47a3ed3e38d,drafted,Lane 9 — RPM service-company partners / digital-health vendors,PARTNER-CHANNEL,Vimal George,"Physician, Author, TEDx Speaker, Blogger, Founder CME Travel Academy","Austin, Texas, United States",The Austin Diagnostic Clinic,https://www.linkedin.com/in/vimal-george-71b1061b,https://www.linkedin.com/posts/vimal-george-71b1061b_the-soul-trial-changes-everything-oral-semaglutide-activity-7459068089440043008-cKns,2026-05-10 02:33:35.306000,"BP, PRACTICE","BP, PRACTICE",CLEAN — post itself anchors a Cardiowell topic,tier_1_kw,keyword_topical,hypertension control,"The SOUL trial results stopped me in my tracks when I first read them.

Oral semaglutide — a pill — reducing major cardiovascular events by 14% in high-risk type 2 diabetes patients. A 26% reduction in nonfatal MI. Nearly 10,000 patients. 47 months of follow-up.

This isn't a glucose-lowering drug anymore. It's a cardiovascular intervention in pill form.

And the 2026 ADA Standards of Care reflects exactly that — GLP-1 receptor agonists are now recommended irrespective of HbA1c in patients with established ASCVD or high CV risk.

For those of us in primary care, this changes the conversation with our highest-risk patients. It's not ""do you need better blood sugar control?"" — it's ""how do we protect your heart?""

I wrote a full clinical breakdown for the CME Travel Academy blog covering:
- SOUL trial design & key outcomes
- What the 2026 ADA guideline update means in practice
- Which patients to prioritize
- Practical prescribing considerations

Read it here: https://lnkd.in/g6WUq-QD

We're also covering T2D, hypertension, heart failure, CKD & more at our upcoming accredited CME conferences:
Disney World, Orlando — July 17-18, 2026
New York City — October 12-13, 2026
AAFP Prescribed","Where oral semaglutide usually breaks down is the handoff from a strong cardiovascular trial result to what actually changes in a 15 minute primary care visit. A 14% MACE reduction matters, but the operational miss is that the highest risk T2D patients still spend 29 to 59 days between touchpoints, which is where uncontrolled BP, side effects, and adherence drift hide. With roughly 120 million Americans living with hypertension and only about 24% controlled, the cardiometabolic upside is won or lost between visits, not at the moment of prescribing. Worth building the follow up loop around the ASCVD plus T2D cohort before writing patterns broaden, not after inertia sets in.",§ 05 ICP Lanes — Lane 9 — RPM service-company partners / digital-health vendors,"§ 03 Signals (HIGHEST intent) — posts mentioning 'uncontrolled hypertension', 'hypertension management', 'BP control' surface Track A clinical buyers actively managing chronic-care panels.",§ 06 Comment Reply Framework Angle 3 — 'go-direct' for explicit advice-seeking posts where the thread invites a product mention. Cardiowell name allowed here.,§ 07 Messaging Anchors — 'Approximately 120 million Americans have hypertension. Only about 24 percent have BP under control. Uncontrolled hypertension costs the US healthcare system about $131 billion per year.',"Vimal George (Physician, Author, TEDx Speaker, Blogger, Founder CME Travel Academy, Austin, Texas, United States) maps to Lane 9 — RPM service-company partners / digital-health vendors [PARTNER-CHANNEL]. The post itself anchors BP, PRACTICE — a direct topical signal per § 04 Keyword Clusters, so engagement reads as joining an in-progress Cardiowell-relevant conversation rather than a forced pivot. Comment uses 'go-direct' for explicit advice-seeking posts where the thread invites a product mention. Cardiowell name allowed here. Anchor cited: § 07 Messaging Anchors — 'Approximately 120 million Americans have hypertension. Only about 24 percent have BP under control. Uncontrolled hypertension costs the US healthcare system about $131 billion per year.' Discovery vector: 'hypertension control' via the tier_1_kw/keyword_topical channel. Verdict: CLEAN — post itself anchors a Cardiowell topic.",Primary care physician at target medical group,direct_expertise,"author’s own clinical take with a link to their breakdown, not primarily analyst reportage",,0,0,0,yes,—
"Run 50ddab70 (RULE 24 + keyword, 2026-05-13 12:16)",6a046ba035904903df6850b1,drafted,Adjacent / influencer (out-of-lane but in-audience),NURTURE,John Storino,Managing Director at Berkeley Research Group LLC,Greater Chicago Area,,https://www.linkedin.com/in/john-storino-15660a2,https://www.linkedin.com/posts/john-storino-15660a2_heading-into-the-hfma-annual-conference-this-activity-7460128513275101185-gDcV,2026-05-13 00:47:20.050000,VBC,"BP, CPT",CLEAN — post itself anchors a Cardiowell topic,unipile_people,title_search,Director of Telehealth physician group,"Heading into the HFMA Annual Conference this June, I’m thinking about the conversations I am having with finance leaders who are navigating tight margins, ongoing workforce challenges, and the promise of AI.  
If you’re attending, let’s meet up and compare notes on how your peers are approaching these challenges. Reach out or DM me so we can find time to connect in person.","HFMA is the cleanest test of hospital margin strategy because it forces finance leaders to separate real operating fixes from AI theater. The math gets concrete fast when 120 million Americans have hypertension, only about 24% are controlled, and unmanaged chronic disease still drives roughly $131 billion in annual cost. The finance teams that move first are usually the ones tying staffing pressure to reimbursable between visit work, since CPT 99457 and 99458 can mean about $100 to $120 per patient per month if the workflow actually supports 20 minutes of clinical time. Worth pressure testing where labor shortage, chronic care leakage, and reimbursement capture intersect before adding another AI line item.",§ 05 ICP Lanes — Adjacent / influencer (out-of-lane but in-audience),"§ 03 Signals (MODERATE-HIGH) — 'value-based care', 'MSSP', 'ACO REACH', 'shared savings' signal Lane 6 (ACOs) and Lane 7 (MSOs/clinically integrated networks).","§ 06 Comment Reply Framework Angle 1 — 'validate-and-reframe' for venting posts. Acknowledge the operational pain, reframe through the between-visit-gap lens.","§ 07 Messaging Anchors — '$100-120 per hypertensive patient per month via CPT 99457 and 99458, plus the new 2026 codes 99445 and 99470 that make remote BP reimbursement materially easier to capture.'","John Storino (Managing Director at Berkeley Research Group LLC, Greater Chicago Area) maps to Adjacent / influencer (out-of-lane but in-audience) [NURTURE]. The post itself anchors VBC — a direct topical signal per § 04 Keyword Clusters, so engagement reads as joining an in-progress Cardiowell-relevant conversation rather than a forced pivot. Comment uses 'validate-and-reframe' for venting posts. Acknowledge the operational pain, reframe through the between-visit-gap lens. Anchor cited: § 07 Messaging Anchors — '$100-120 per hypertensive patient per month via CPT 99457 and 99458, plus the new 2026 codes 99445 and 99470 that make remote BP reimbursement materially easier to capture.' Discovery vector: 'Director of Telehealth physician group' via the unipile_people/title_search channel. Verdict: CLEAN — post itself anchors a Cardiowell topic.",likely vendor or consultant (Berkeley Research Group is a healthcare management consultancy),conference_mention,"personal event networking invite, not analyst summary",inline_icp_qualified — icp_scoring skipped,19,1,0,yes,yes
"Run 50ddab70 (RULE 24 + keyword, 2026-05-13 12:16)",6a046ba035904903df6850b1,gate_passed,Adjacent / influencer (out-of-lane but in-audience),NURTURE,"Sarah Matt MD, MBA",Chief Strategy Officer | National Best Selling Author | Speaker | Healthcare Board Advisor | Oracle Alumni,"Fayetteville, NY",,https://www.linkedin.com/in/sarahmattmd,https://www.linkedin.com/posts/sarahmattmd_tacothursday-healthcareeconomics-clinicalrealist-activity-7458244379741245441-Xgob,2026-05-07 20:00:27.610000,CPT,—,CLEAN — post itself anchors a Cardiowell topic,unipile_people,title_search,VP of Product medical practice,"Taco Thursday.

Taco truck: $3. Food costs the vendor their margin, not yours.

Hospital system: $38 for an aspirin in 2024. The price reflects what the system can extract from the payer structure, not what the care costs to deliver.

The difference is not quality. It is a business model that removed price signals from the buyer entirely.

The most predictable healthcare reform is the one that reintroduces the buyer into the pricing conversation. Every other reform is downstream of that one.

#TacoThursday #HealthcareEconomics #ClinicalRealist",,§ 05 ICP Lanes — Adjacent / influencer (out-of-lane but in-audience),"§ 03 Signals (HIGHEST intent) — posts mentioning CPT 99457/99458/99454, 'remote monitoring reimbursement', or 'uncaptured CPT revenue' indicate Track C finance audiences alert to revenue capture.","§ 06 Comment Reply Framework Angle 1 — 'validate-and-reframe' for venting posts. Acknowledge the operational pain, reframe through the between-visit-gap lens.",(no specific § 07 messaging anchor cited in this draft),"Sarah Matt MD, MBA (Chief Strategy Officer | National Best Selling Author | Speaker | Healthcare Board Advisor | Oracle Alumni, Fayetteville, NY) maps to Adjacent / influencer (out-of-lane but in-audience) [NURTURE]. The post itself anchors CPT — a direct topical signal per § 04 Keyword Clusters, so engagement reads as joining an in-progress Cardiowell-relevant conversation rather than a forced pivot. Comment uses 'validate-and-reframe' for venting posts. Acknowledge the operational pain, reframe through the between-visit-gap lens. Discovery vector: 'VP of Product medical practice' via the unipile_people/title_search channel. Verdict: CLEAN — post itself anchors a Cardiowell topic.",Plausible decision-maker or influencer in healthcare provider organization,adjacent buyer: industry commentary on healthcare pricing models relevant to B2B buyers and vendors in healthcare/go-to-market contexts,"author’s own healthcare pricing critique, not analyst summary",inline_icp_qualified — icp_scoring skipped,14,1,0,yes,yes
"Run e5db6e23 (KEYWORD-ONLY, 2026-05-13 12:37)",6a047071222bb47a3ed3e38d,drafted,Adjacent / influencer (out-of-lane but in-audience),NURTURE,Giovanni A. Amato,"President & CEO, Health Services & Integrated Networks [Retired]","Chicago, Illinois, United States",,https://www.linkedin.com/in/giovanni-a-amato-a346a23a1,https://www.linkedin.com/posts/giovanni-a-amato-a346a23a1_modernizing-diagnostic-technology-contracts-activity-7459523302458298368-kC59,2026-05-11 08:42:26.547000,"RPM, VBC","RPM, CPT",CLEAN — post itself anchors a Cardiowell topic,tier_2_kw,keyword_topical,value-based contract performance,"Modernizing Diagnostic Technology Contracts: Safeguarding Performance, Compliance, and AI-Driven Care in 2026.

Diagnostic technology contracts are formal agreements between healthcare providers and vendors that cover diagnostic equipment (like MRI, CT, and lab systems), software updates, maintenance, and technical support.

They are essential to keep current because healthcare technology is rapidly evolving, especially with AI-enabled diagnostics in 2026.

Key contract types include:
-Service and maintenance agreements for repairs and equipment upkeep.
-Software and upgrade contracts for AI updates, cybersecurity, and system improvements.
-Manufacturing agreements (CMOs) for outsourced production of diagnostic tools.
-Value-based agreements that share risk or include flexible upgrade/buyback options.

Why they matter in 2026:
-Enable AI-driven diagnostic accuracy and faster results.
-Reduce equipment downtime and unexpected repair costs.
-Ensure compliance with evolving regulatory standards.
-Improve operational efficiency and cost predictability.
-Support newer care models like remote patient monitoring.

In short, keeping diagnostic contracts updated is critical for maintaining ","Diagnostic technology contracts are the cleanest test of operational readiness for AI driven care because the failure usually shows up first in uptime, update cadence, and support response times, not in the model itself. The expensive miss is when teams negotiate around equipment and software but leave the between visit monitoring workflow vague, then wonder why 20 minutes per patient per month of clinical time never gets documented and why $100 to $120 per patient per month in CPT 99457 and 99458 goes uncaptured. The same pattern shows up in RPM when Bluetooth failure modes, onboarding friction, and escalation paths are not written into the vendor obligation from day one. Worth contracting the service model and accountability map before the AI feature list, not after go live.",§ 05 ICP Lanes — Adjacent / influencer (out-of-lane but in-audience),"§ 03 Signals (HIGHEST intent) — posts about 'RPM program', 'remote patient monitoring', 'remote BP monitoring' surface operational buyers actively evaluating or running RPM., § 03 Signals (MODERATE-HIGH) — 'value-based care', 'MSSP', 'ACO REACH', 'shared savings' signal Lane 6 (ACOs) and Lane 7 (MSOs/clinically integrated networks).","§ 06 Comment Reply Framework Angle 1 — 'validate-and-reframe' for venting posts. Acknowledge the operational pain, reframe through the between-visit-gap lens.","§ 07 Messaging Anchors — '$100-120 per hypertensive patient per month via CPT 99457 and 99458, plus the new 2026 codes 99445 and 99470 that make remote BP reimbursement materially easier to capture.'","Giovanni A. Amato (President & CEO, Health Services & Integrated Networks [Retired], Chicago, Illinois, United States) maps to Adjacent / influencer (out-of-lane but in-audience) [NURTURE]. The post itself anchors RPM, VBC — a direct topical signal per § 04 Keyword Clusters, so engagement reads as joining an in-progress Cardiowell-relevant conversation rather than a forced pivot. Comment uses 'validate-and-reframe' for venting posts. Acknowledge the operational pain, reframe through the between-visit-gap lens. Anchor cited: § 07 Messaging Anchors — '$100-120 per hypertensive patient per month via CPT 99457 and 99458, plus the new 2026 codes 99445 and 99470 that make remote BP reimbursement materially easier to capture.' Discovery vector: 'value-based contract performance' via the tier_2_kw/keyword_topical channel. Verdict: CLEAN — post itself anchors a Cardiowell topic.","Retired CEO in healthcare; plausible buyer, not a competitor","direct_expertise—the post outlines specific contractual models and trends in diagnostic technology relevant to 2026, indicating domain knowledge in healthcare operations, vendor management, or clinical technology procurement.",author’s own explanatory summary of diagnostic contract considerations,,3,0,0,yes,—
"Run e5db6e23 (KEYWORD-ONLY, 2026-05-13 12:37)",6a047071222bb47a3ed3e38d,drafted,Adjacent / influencer (out-of-lane but in-audience),NURTURE,"Michael Weintraub, MD","Clinical Assistant Professor of Medicine, Division of Endocrinology
Diplomate of American Board of Obesity Medicine","New York, New York, United States",NYU Langone Health,https://www.linkedin.com/in/michaelameerweintraub,https://www.linkedin.com/posts/michaelameerweintraub_glp-1s-effectiveness-at-blood-pressure-control-activity-7459980757357248512-_14Z,2026-05-12 15:00:12.294000,BP,BP,CLEAN — post itself anchors a Cardiowell topic,tier_1_kw,keyword_topical,hypertension control,"GLP-1s effectiveness at blood pressure control on par with traditional anti-hypertensives, tracks well with % weight loss. 

In someone with hypertension due to their underlying obesity, why not treat their underlying weight gain? 

Abstract at ECO
https://lnkd.in/e5bAnxec

HT Samuel Hume","GLP 1 driven blood pressure reduction is the cleanest test of treating root cause hypertension because it forces the field to separate durable metabolic improvement from a temporary antihypertensive add on. The missed layer is measurement, since between visits a lot of these patients still have uncontrolled readings and only about 24% of the 120 million Americans with hypertension are actually controlled. If weight loss is going to become part of the BP playbook, teams need home data that shows who is normalizing, who is still spiking, and where 20 minutes per patient per month of clinical follow up actually changes the plan. Worth building the monitoring workflow alongside the prescription, not after the next office reading comes in.",§ 05 ICP Lanes — Adjacent / influencer (out-of-lane but in-audience),"§ 03 Signals (HIGHEST intent) — posts mentioning 'uncontrolled hypertension', 'hypertension management', 'BP control' surface Track A clinical buyers actively managing chronic-care panels.",§ 06 Comment Reply Framework Angle 3 — 'go-direct' for explicit advice-seeking posts where the thread invites a product mention. Cardiowell name allowed here.,§ 07 Messaging Anchors — 'Approximately 120 million Americans have hypertension. Only about 24 percent have BP under control. Uncontrolled hypertension costs the US healthcare system about $131 billion per year.',"Michael Weintraub, MD (Clinical Assistant Professor of Medicine, Division of Endocrinology
Diplomate of American Board of Obesity Medicine, New York, New York, United States) maps to Adjacent / influencer (out-of-lane but in-audience) [NURTURE]. The post itself anchors BP — a direct topical signal per § 04 Keyword Clusters, so engagement reads as joining an in-progress Cardiowell-relevant conversation rather than a forced pivot. Comment uses 'go-direct' for explicit advice-seeking posts where the thread invites a product mention. Cardiowell name allowed here. Anchor cited: § 07 Messaging Anchors — 'Approximately 120 million Americans have hypertension. Only about 24 percent have BP under control. Uncontrolled hypertension costs the US healthcare system about $131 billion per year.' Discovery vector: 'hypertension control' via the tier_1_kw/keyword_topical channel. Verdict: CLEAN — post itself anchors a Cardiowell topic.",clinical decision-maker at major health system (in-industry buyer),direct_expertise; author discusses medical insights relevant to product space,"Author offers their own clinical take, with the abstract only as supporting evidence.",,22,0,1,yes,—
"Run e5db6e23 (KEYWORD-ONLY, 2026-05-13 12:37)",6a047071222bb47a3ed3e38d,drafted,Adjacent / influencer (out-of-lane but in-audience),NURTURE,"Samuel Tiosano, MD, MS, MPH",Preventive Cardiolgy Fellow at Lenox Hill | Clinical Informaticist,New York City Metropolitan Area,Lenox Hill Hospital,https://www.linkedin.com/in/shmulik-tiosano-md-mph,https://www.linkedin.com/posts/shmulik-tiosano-md-mph_lipids-lipidology-preventivecardiology-activity-7459246288157569024-1qfp,2026-05-10 14:21:41.191000,BP,BP,CLEAN — post itself anchors a Cardiowell topic,tier_2_kw,keyword_topical,preventive cardiology,"Honored to share that I am now a Diplomate of the American Board of Clinical Lipidology after successfully passing the certifying examination in Clinical Lipidology!

Deeply grateful to my mentor, Eugenia Gianos, for her invaluable mentorship, support, and example as a leader in preventive cardiology.

National Lipid Association
AMERICAN BOARD OF CLINICAL LIPIDOLOGY INC
Northwell Cardiovascular Institute

#Lipids #Lipidology #PreventiveCardiology #CardiovascularPrevention","Clinical lipidology is one of the quiet failure modes nobody screens for early, because the hardest part is not diagnosing risk, it is closing the gap between a preventive plan on paper and what happens in the 30 days after the visit. Roughly 120 million Americans have hypertension and only about 24% are controlled, which is a good reminder that prevention breaks down in follow through more often than in guideline knowledge. The same pattern shows up in lipids, where adherence, titration, and repeat measurement are what decide outcomes long before the next clinic slot opens. Worth building the between visit follow up loop as deliberately as the visit itself, not after patients start disappearing between checks.",§ 05 ICP Lanes — Adjacent / influencer (out-of-lane but in-audience),"§ 03 Signals (HIGHEST intent) — posts mentioning 'uncontrolled hypertension', 'hypertension management', 'BP control' surface Track A clinical buyers actively managing chronic-care panels.","§ 06 Comment Reply Framework Angle 1 — 'validate-and-reframe' for venting posts. Acknowledge the operational pain, reframe through the between-visit-gap lens.",§ 07 Messaging Anchors — 'Approximately 120 million Americans have hypertension. Only about 24 percent have BP under control. Uncontrolled hypertension costs the US healthcare system about $131 billion per year.',"Samuel Tiosano, MD, MS, MPH (Preventive Cardiolgy Fellow at Lenox Hill | Clinical Informaticist, New York City Metropolitan Area) maps to Adjacent / influencer (out-of-lane but in-audience) [NURTURE]. The post itself anchors BP — a direct topical signal per § 04 Keyword Clusters, so engagement reads as joining an in-progress Cardiowell-relevant conversation rather than a forced pivot. Comment uses 'validate-and-reframe' for venting posts. Acknowledge the operational pain, reframe through the between-visit-gap lens. Anchor cited: § 07 Messaging Anchors — 'Approximately 120 million Americans have hypertension. Only about 24 percent have BP under control. Uncontrolled hypertension costs the US healthcare system about $131 billion per year.' Discovery vector: 'preventive cardiology' via the tier_2_kw/keyword_topical channel. Verdict: CLEAN — post itself anchors a Cardiowell topic.",Preventive cardiology fellow at major hospital is buyer-shaped,career update announcement from domain-relevant author,personal certification and gratitude announcement,,52,3,0,yes,—
